gene_idx,name
6850,SYK
140,ADORA3
2166,FAAH
2030,SLC29A1
54658,UGT1A1
8654,PDE5A
240,ALOX5
1520,CTSS
1514,CTSL
25,ABL1
812762,PF3D7_0217500
887072,pknB
45423973,pknB
27330,RPS6KA6
7297,TYK2
56997,COQ8A
3716,JAK1
4233,MET
167359,NIM1K
51765,STK26
5566,PRKACA
8428,STK24
6788,STK3
7006,TEC
65975,STK33
140901,STK35
27148,STK36
11329,STK38
23012,STK38L
27347,STK39
57551,TAOK1
9344,TAOK2
51347,TAOK3
29110,TBK1
7010,TEK
7016,TESK1
7046,TGFBR1
7048,TGFBR2
7075,TIE1
9874,TLK1
11011,TLK2
23043,TNIK
8711,TNK1
10188,TNK2
51086,TNNI3K
100526835,FPGT-TNNI3K
83942,TSSK1B
7272,TTK
7294,TXK
7301,TYRO3
8408,ULK1
9706,ULK2
25989,ULK3
7465,WEE1
7525,YES1
80122,MAP3K19
51776,MAP3K20
7535,ZAP70
22848,AAK1
27,ABL2
90,ACVR1
91,ACVR1B
79934,COQ8B
238,ALK
255239,ANKK1
6790,AURKA
9212,AURKB
6795,AURKC
558,AXL
640,BLK
55589,BMP2K
658,BMPR1B
659,BMPR2
660,BMX
673,BRAF
695,BTK
8536,CAMK1
57118,CAMK1D
57172,CAMK1G
815,CAMK2A
816,CAMK2B
817,CAMK2D
818,CAMK2G
84254,CAMKK1
10645,CAMKK2
8573,CASK
1448,CSN3
983,CDK1
55561,CDC42BPG
1019,CDK4
8814,CDKL1
8999,CDKL2
1111,CHEK1
11200,CHEK2
11113,CIT
1195,CLK1
1196,CLK2
1198,CLK3
57396,CLK4
1436,CSF1R
1445,CSK
1452,CSNK1A1
1457,CSNK2A1
1459,CSNK2A2
1612,DAPK1
23604,DAPK2
1613,DAPK3
9201,DCLK1
166614,DCLK2
85443,DCLK3
780,DDR1
4921,DDR2
1859,DYRK1A
9149,DYRK1B
1956,EGFR
27102,EIF2AK1
5610,EIF2AK2
440275,EIF2AK4
2041,EPHA1
1969,EPHA2
2042,EPHA3
2043,EPHA4
2044,EPHA5
285220,EPHA6
2045,EPHA7
2046,EPHA8
2047,EPHB1
2048,EPHB2
2050,EPHB4
2051,EPHB6
2064,ERBB2
2066,ERBB4
2081,ERN1
2241,FER
2242,FES
2260,FGFR1
2263,FGFR2
2261,FGFR3
2268,FGR
2321,FLT1
2322,FLT3
2324,FLT4
2475,MTOR
2444,FRK
2534,FYN
2580,GAK
2931,GSK3A
2932,GSK3B
3055,HCK
28996,HIPK2
10114,HIPK3
22858,CILK1
3551,IKBKB
9641,IKBKE
3643,INSR
3645,INSRR
3654,IRAK1
11213,IRAK3
51135,IRAK4
3702,ITK
3717,JAK2
3718,JAK3
3791,KDR
23387,SIK3
3815,KIT
9113,LATS1
3932,LCK
3984,LIMK1
3985,LIMK2
120892,LRRK2
4058,LTK
4067,LYN
5605,MAP2K2
5606,MAP2K3
5607,MAP2K5
5608,MAP2K6
4214,MAP3K1
4294,MAP3K10
4296,MAP3K11
7786,MAP3K12
9175,MAP3K13
389840,MAP3K15
10746,MAP3K2
4215,MAP3K3
4216,MAP3K4
9064,MAP3K6
4293,MAP3K9
11184,MAP4K1
5871,MAP4K2
8491,MAP4K3
9448,MAP4K4
11183,MAP4K5
5602,MAPK10
5603,MAPK13
1432,MAPK14
225689,MAPK15
5596,MAPK4
5598,MAPK7
5601,MAPK9
8550,MAPKAPK5
4139,MARK1
2011,MARK2
4140,MARK3
57787,MARK4
23332,CLASP1
22983,MAST1
4145,MATK
9833,MELK
10461,MERTK
50488,MINK1
8569,MKNK1
2872,MKNK2
4486,MST1R
4593,MUSK
4638,MYLK
85366,MYLK2
91807,MYLK3
340156,MYLK4
53904,MYO3A
4750,NEK1
79858,NEK11
4751,NEK2
4752,NEK3
6787,NEK4
341676,NEK5
91754,NEK9
4914,NTRK1
4915,NTRK2
4916,NTRK3
9891,NUAK1
81788,NUAK2
9943,OXSR1
5058,PAK1
5062,PAK2
5063,PAK3
10298,PAK4
56924,PAK6
106821730,BUB1B-PAK6
57144,PAK5
5127,CDK16
5128,CDK17
5156,PDGFRA
5159,PDGFRB
5170,PDPK1
65061,CDK15
5260,PHKG1
5298,PI4KB
5287,PIK3C2B
5288,PIK3C2G
5293,PIK3CD
5294,PIK3CG
5292,PIM1
415116,PIM3
8396,PIP4K2B
79837,PIP4K2C
9088,PKMYT1
5585,PKN1
5586,PKN2
5347,PLK1
10769,PLK2
1263,PLK3
10733,PLK4
5562,PRKAA1
5563,PRKAA2
5564,PRKAB1
5565,PRKAB2
5571,PRKAG1
51422,PRKAG2
53632,PRKAG3
5567,PRKACB
5580,PRKCD
5581,PRKCE
5582,PRKCG
5584,PRKCI
5588,PRKCQ
5587,PRKD1
5593,PRKG2
8899,PRPF4B
5747,PTK2
2185,PTK2B
5753,PTK6
5894,RAF1
5979,RET
83732,RIOK1
55781,RIOK2
8780,RIOK3
8737,RIPK1
8767,RIPK2
9475,ROCK2
6098,ROS1
6195,RPS6KA1
6197,RPS6KA3
388228,SBK1
100130827,SBK3
100533105,C8orf44-SGK3
23678,SGK3
102724428,LOC102724428
150094,SIK1
23235,SIK2
9748,SLK
54861,SNRK
6714,SRC
6725,SRMS
6793,STK10
8576,STK16
9263,STK17A
9262,STK17B
202374,STK32A
1576,CYP3A4
54600,UGT1A9
9429,ABCG2
340273,ABCB5
2939,GSTA2
7124,TNF
54106,TLR9
3146,HMGB1
2944,GSTM1
59272,ACE2
1558,CYP2C8
1577,CYP3A5
1565,CYP2D6
1543,CYP1A1
5243,ABCB1
213,ALB
5004,ORM1
5005,ORM2
8856,NR1I2
1559,CYP2C9
1557,CYP2C19
1555,CYP2B6
1544,CYP1A2
100861540,CYP3A7-CYP3A51P
1551,CYP3A7
54575,UGT1A10
54659,UGT1A3
54657,UGT1A4
54578,UGT1A6
54577,UGT1A7
54576,UGT1A8
7366,UGT2B15
7363,UGT2B4
7364,UGT2B7
4363,ABCC1
6579,SLCO1A2
1244,ABCC2
10599,SLCO1B1
11309,SLCO2B1
8647,ABCB11
28234,SLCO1B3
316,AOX1
7498,XDH
1571,CYP2E1
9356,SLC22A6
9376,SLC22A8
116085,SLC22A12
53637,S1PR5
3065,HDAC1
1901,S1PR1
8698,S1PR4
1903,S1PR3
8877,SPHK1
8529,CYP4F2
6506,SLC1A2
6507,SLC1A3
64816,CYP3A43
2904,GRIN2B
2902,GRIN1
3760,KCNJ3
3763,KCNJ6
3762,KCNJ5
5743,PTGS2
5742,PTGS1
596,BCL2
7056,THBD
2169,FABP2
5468,PPARG
1080,CFTR
5465,PPARA
2811,GP1BA
6278,S100A7
10257,ABCC4
55867,SLC22A11
2908,NR3C1
190,NR0B1
301,ANXA1
4843,NOS2
3291,HSD11B2
3290,HSD11B1
1586,CYP17A1
1548,CYP2A6
1579,CYP4A11
1584,CYP11B1
1645,AKR1C1
1646,AKR1C2
8644,AKR1C3
1109,AKR1C4
1545,CYP1B1
146802,SLC47A2
6582,SLC22A2
911824,L
5327,PLAT
6648,SOD2
3313,HSPA9
794,CALB2
6295,SAG
5949,RBP3
1409,CRYAA
1415,CRYBB2
5176,SERPINF1
2780,GNAT2
22926,ATF6
1261,CNGA3
5149,PDE6H
54714,CNGB3
7274,TTPA
79042,TSEN34
6314,ATXN7
54982,CLN6
80746,TSEN2
283989,TSEN54
3269,HRH1
7137,TNNI3
43,ACHE
1029,CDKN2A
1030,CDKN2B
1471,CST3
5591,PRKDC
4051,CYP4F3
165904,XIRP1
9421,HAND1
6647,SOD1
3952,LEP
7099,TLR4
9370,ADIPOQ
929,CD14
4137,MAPT
3630,INS
6622,SNCA
5443,POMC
9474,ATG5
135,ADORA2A
4852,NPY
1831,TSC22D3
1392,CRH
1268,CNR1
1280,COL2A1
3976,LIF
7098,TLR3
10533,ATG7
80216,ALPK1
5020,OXT
16334,INS2
3440,IFNA2
19702,REN2
3586,IL10
1269,CNR2
16333,INS1
3565,IL4
196,AHR
1636,ACE
17748,MT1
10468,FST
2056,EPO
2688,GH1
4057,LTF
23409,SIRT4
25342821,NECAME_02783
6563,SLC14A1
3145,HMBS
3553,IL1B
3569,IL6
2353,FOS
847,CAT
5972,REN
7040,TGFB1
5970,RELA
1906,EDN1
6347,CCL2
3725,JUN
7157,TP53
4318,MMP9
7054,TH
4313,MMP2
4780,NFE2L2
1277,COL1A1
3383,ICAM1
5054,SERPINE1
2335,FN1
7412,VCAM1
1536,CYBB
3972,LHB
2876,GPX1
2729,GCLC
7076,TIMP1
1281,COL3A1
653361,NCF1
1490,CCN2
2950,GSTP1
4023,LPL
1535,CYBA
948,CD36
50507,NOX4
2697,GJA1
857,CAV1
1401,CRP
348,APOE
7351,UCP2
1813,DRD2
153,ADRB1
4625,MYH7
1909,EDNRA
5728,PTEN
2571,GAD1
2920,CXCL2
367,AR
185,AGTR1
186,AGTR2
551,AVP
3827,KNG1
3953,LEPR
6198,RPS6KB1
335,APOA1
7421,VDR
51083,GAL
476,ATP1A1
210,ALAD
2952,GSTT1
2643,GCH1
7450,VWF
7168,TPM1
2778,GNAS
8870,IER3
177,AGER
3240,HP
358,AQP1
875,CBS
1847,DUSP5
5340,PLG
1889,ECE1
4973,OLR1
150,ADRA2A
246,ALOX15
6558,SLC12A2
6337,SCNN1A
4615,MYD88
2796,GNRH1
477,ATP1A2
775,CACNA1C
6403,SELP
6530,SLC6A2
624,BDKRB2
199,AIF1
2641,GCG
4190,MDH1
7052,TGM2
5473,PPBP
5741,PTH
2953,GSTT2
4881,NPR1
23327,NEDD4L
5624,PROC
7200,TRH
221357,GSTA5
111,ADCY5
13117,CYP4A10
2982,GUCY1A1
26,AOC1
1908,EDN3
2006,ELN
490,ATP2B1
781,CACNA2D1
9351,SLC9A3R2
6340,SCNN1G
6559,SLC12A3
3579,CXCR2
8639,AOC3
6869,TACR1
6338,SCNN1B
2161,F12
11608,AGTR1B
9445,ITM2B
65125,WNK1
3357,HTR2B
130120,REG3G
2701,GJA4
156,GRK2
2740,GLP1R
10451,VAV3
118,ADD1
51752,ERAP1
6786,STIM1
486,FXYD2
2702,GJA5
6794,STK11
84876,ORAI1
3274,HRH2
7222,TRPC3
27020,NPTN
3758,KCNJ1
348932,SLC6A18
2160,F11
3636,INPPL1
7369,UMOD
11255,HRH3
1395,CRHR2
10928,RALBP1
7224,TRPC5
2784,GNB3
4158,MC2R
65266,WNK4
492,ATP2B3
63036,CELA2A
17224,MCPT1
3779,KCNMB1
1215,CMA1
10911,UTS2
1071,CETP
1187,CLCNKA
194357,MOXD2
183,AGT
3162,HMOX1
4846,NOS3
4878,NPPA
4879,NPPB
3479,IGF1
6649,SOD3
3091,HIF1A
796,CALCA
5997,RGS2
26291,FGF21
252995,FNDC5
475,ATOX1
3816,KLK1
8490,RGS5
5770,PTPN1
10052,GJC1
7349,UCN
595,CCND1
22059,TRP53
332,BIRC5
999,CDH1
3265,HRAS
7422,VEGFA
207,AKT1
5595,MAPK3
5594,MAPK1
4609,MYC
6774,STAT3
7298,TYMS
2810,SFN
3845,KRAS
3576,CXCL8
3315,HSPB1
1410,CRYAB
472,ATM
3688,ITGB1
4851,NOTCH1
1050,CEBPA
1387,CREBBP
2017,CTTN
302,ANXA2
7249,TSC2
6657,SOX2
360,AQP3
7508,XPC
3312,HSPA8
2597,GAPDH
7167,TPI1
2023,ENO1
688,KLF5
2068,ERCC2
308,ANXA5
10399,RACK1
4489,MT1A
2033,EP300
5915,RARB
3858,KRT10
51741,WWOX
7372,UMPS
5478,PPIA
9076,CLDN1
3066,HDAC2
3848,KRT1
8202,NCOA3
931,MS4A1
3713,IVL
7318,UBA7
3169,FOXA1
4853,NOTCH2
9582,APOBEC3B
29108,PYCARD
5781,PTPN11
5290,PIK3CA
23410,SIRT3
7317,UBA1
8626,TP63
6698,SPRR1A
3678,ITGA5
6317,SERPINB3
1460,CSNK2B
7417,VDAC2
3963,LGALS7
4855,NOTCH4
3632,INPP5A
3854,KRT6B
3861,KRT14
4118,MAL
90417,KNSTRN
56952,PRTFDC1
7074,TIAM1
84632,AFAP1L2
406988,MIR205
5893,RAD52
5731,PTGER1
5921,RASA1
338442,HCAR2
1834,DSPP
7248,TSC1
5223,PGAM1
7979,SEM1
28998,MRPL13
51151,SLC45A2
59082,CARD18
4854,NOTCH3
165918,RNF168
8843,HCAR3
4014,LORICRIN
59352,LGR6
283875,GREP1
374,AREG
3082,HGF
7012,TERC
5740,PTGIS
7185,TRAF1
93166,PRDM6
7021,TFAP2B
5111,PCNA
5925,RB1
2149,F2R
405,ARNT
2026,ENO2
10013,HDAC6
682,BSG
5621,PRNP
3832,KIF11
4893,NRAS
10550,ARL6IP5
7295,TXN
10140,TOB1
613,BCR
30834,POLR1H
2101,ESRRA
8725,URI1
91107,TRIM47
51614,ERGIC3
9462,RASAL2
724024,MIR654
494331,MIR382
494328,MIR379
442905,MIR337
723839,MIR323
574453,MIR495
574435,MIR376B
442914,MIR369
494330,MIR381
574038,MIR431
22061,TRP63
574034,MIR433
723855,MIR376A
664616,MIR487B
442915,MIR370
338799,LINC01089
768212,MIR758
768222,MIR770
574436,MIR485
100126297,MIR300
100422837,MIR1193
1728,NQO1
3458,IFNG
8743,TNFSF10
6696,SPP1
3558,IL2
3593,IL12B
6678,SPARC
3592,IL12A
3456,IFNB1
406935,MIR143
22827,PUF60
8505,PARG
407041,MIR34B
3950,LECT2
90586,AOC4P
111654,IFNA
574511,MIR506
6285,S100B
2752,GLUL
4128,MAOA
4129,MAOB
2554,GABRA1
706,TSPO
4842,NOS1
2566,GABRG2
2560,GABRB1
4988,OPRM1
2638,GC
4049,LTA
2771,GNAI2
54795,TRPM4
4000,LMNA
1585,CYP11B2
1181,CLCN2
776,CACNA1D
2235,FECH
57692,MAGEE1
2626,GATA4
10370,CITED2
5125,PCSK5
1482,NKX2-5
57167,SALL4
5573,PRKAR1A
7515,XRCC1
1440,CSF3
4683,NBN
4792,NFKBIA
2624,GATA2
55034,MOCOS
867,CBL
5265,SERPINA1
29843,SENP1
3552,IL1A
960,CD44
4929,NR4A2
3398,ID2
4616,GADD45B
3554,IL1R1
4968,OGG1
9446,GSTO1
3557,IL1RN
351,APP
6855,SYP
17750,MT2
2890,GRIA1
5447,POR
5071,PRKN
57030,SLC17A7
5663,PSEN1
57084,SLC17A6
4204,MECP2
9365,KL
3350,HTR1A
3363,HTR7
347,APOD
4763,NF1
5153,PDE1B
5368,PNOC
79823,CAMKMT
10367,MICU1
10280,SIGMAR1
723951,MIR124A-3
1437,CSF2
4835,NQO2
3606,IL18
3567,IL5
841,CASP8
729230,CCR2
3559,IL2RA
1390,CREM
6363,CCL19
7378,UPP1
6515,SLC2A3
7130,TNFAIP6
5996,RGS1
6303,SAT1
63924,CIDEC
22822,PHLDA1
1075,CTSC
133418,EMB
2114,ETS2
10135,NAMPT
10981,RAB32
4814,NINJ1
10875,FGL2
10203,CALCRL
23460,ABCA6
654,BMP6
4360,MRC1
8140,SLC7A5
4084,MXD1
26034,IPCEF1
9235,IL32
2533,FYB1
25797,QPCT
10437,IFI30
4926,NUMA1
1154,CISH
915,CD3D
6769,STAC
2162,F13A1
6401,SELE
8835,SOCS2
3684,ITGAM
10261,IGSF6
8651,SOCS1
80150,ASRGL1
8564,KMO
9168,TMSB10
6480,ST6GAL1
4222,MEOX1
51284,TLR7
10549,PRDX4
2215,FCGR3B
5067,CNTN3
3596,IL13
6356,CCL11
6352,CCL5
154,ADRB2
9173,IL1RL1
90865,IL33
1786,DNMT1
217,ALDH2
4312,MMP1
5328,PLAU
6775,STAT4
85480,TSLP
142,PARP1
30009,TBX21
3176,HNMT
7078,TIMP3
9547,CXCL14
384,ARG2
5142,PDE4B
383,ARG1
3880,KRT19
3570,IL6R
10318,TNIP1
3371,TNC
6037,RNASE3
4319,MMP10
632,BGLAP
5144,PDE4D
7941,PLA2G7
50943,FOXP3
5515,PPP2CA
22806,IKZF3
101801591,OVAL
3356,HTR2A
4602,MYB
3119,HLA-DQB1
3123,HLA-DRB1
108,ADCY2
134430,WDR36
6701,SPRR2B
10111,RAD50
94103,ORMDL3
51208,CLDN18
1493,CTLA4
8989,TRPA1
3135,HLA-G
117156,SCGB3A2
29119,CTNNA3
55876,GSDMB
3117,HLA-DQA1
11127,KIF3A
117,ADCYAP1R1
222256,CDHR3
1767,DNAH5
3115,HLA-DPB1
282617,IFNL3
387129,NPSR1
149628,PYHIN1
4589,MUC7
11251,PTGDR2
8797,TNFRSF10A
2875,GPT
598,BCL2L1
59,ACTA2
216,ALDH1A1
9021,SOCS3
9971,NR1H4
5244,ABCB4
249,ALPL
28248,SLCO1A1
355,FAS
6502,SKP2
10628,TXNIP
2146,EZH2
567,B2M
79080,CCDC86
10892,MALT1
5291,PIK3CB
2735,GLI1
973,CD79A
83943,IMMP2L
10419,PRMT5
974,CD79B
84433,CARD11
22872,SEC31A
5819,NECTIN2
1213,CLTC
10935,PRDX3
10286,BCAS2
8085,KMT2D
5905,RANGAP1
64434,NOM1
4353,MPO
2205,FCER1A
3627,CXCL10
6361,CCL17
2312,FLG
5599,MAPK8
6369,CCL24
6367,CCL22
1234,CCR5
8876,VNN1
386653,IL31
6279,S100A8
9048,ARTN
2833,CXCR3
5017,OVOL1
1232,CCR3
2720,GLB1
8875,VNN2
284382,ACTL9
6556,SLC11A1
151887,CCDC80
22891,ZNF365
56946,EMSY
6778,STAT6
1591,CYP24A1
4015,LOX
4016,LOXL1
6093,ROCK1
55630,SLC39A4
10653,SPINT2
538,ATP7A
100124531,LOXL5B
100037325,UCMAA
5652,PRSS8
2645,GCK
8660,IRS2
6667,SP1
5579,PRKCB
958,CD40
3159,HMGA1
9332,CD163
2200,FBN1
6927,HNF1A
9290,GPR55
6492,SIM1
133,ADM
3574,IL7
116150,NUS1
84872,ZC3H10
836,CASP3
1910,EDNRB
134,ADORA1
9423,NTN1
219699,UNC5B
4982,TNFRSF11B
1278,COL1A2
1588,CYP19A1
799,CALCR
3418,IDH2
9948,WDR1
2934,GSN
5683,PSMA2
5315,PKM
11343,MGLL
4041,LRP5
4860,PNP
2820,GPD2
5341,PLEK
2243,FGA
760,CA2
7414,VCL
6320,CLEC11A
5034,P4HB
10487,CAP1
471,ATIC
7094,TLN1
10082,GPC6
5686,PSMA5
2244,FGB
10376,TUBA1B
84790,TUBA1C
23500,DAAM2
71,ACTG1
10576,CCT2
7471,WNT1
8572,PDLIM4
11315,PARK7
7171,TPM4
118429,ANTXR2
5019,OXCT1
338382,RAB7B
6251,RSU1
92344,GORAB
54503,ZDHHC13
25796,PGLS
7307,U2AF1
8600,TNFSF11
5617,PRL
8528,DDO
5734,PTGER4
5732,PTGER2
7431,VIM
34,ACADM
3488,IGFBP5
9518,GDF15
1509,CTSD
4199,ME1
20250,SCD2
51141,INSIG2
9619,ABCG1
4811,NID1
2246,FGF1
3358,HTR2C
586,BCAT1
25932,CLIC4
2199,FBLN2
2888,GRB14
4321,MMP12
801,CALM1
11167,FSTL1
3929,LBP
10266,RAMP2
3620,IDO1
51738,GHRL
6711,SPTBN1
8470,SORBS2
4430,MYO1B
9926,LPGAT1
5631,PRPS1
3778,KCNMA1
4883,NPR3
114882,OSBPL8
23683,PRKD3
55055,ZWILCH
4232,MEST
23022,PALLD
140609,NEK7
4134,MAP4
51201,ZDHHC2
51449,PCYOX1
8826,IQGAP1
26037,SIPA1L1
4651,MYO10
5986,RFNG
23014,FBXO21
23164,MPRIP
22919,MAPRE1
4715,NDUFB9
57620,STIM2
26040,SETBP1
6259,RYK
9637,FEZ2
284119,CAVIN1
8701,DNAH11
91404,SESTD1
55706,NDC1
6158,RPL28
55187,VPS13D
20719,SERPINB6A
51194,IPO11
3060,HCRT
323,APBB2
23365,ARHGEF12
1783,DYNC1LI2
55277,FGGY
14599,GH
6202,RPS8
51091,SEPSECS
9215,LARGE1
6234,RPS28
79068,FTO
285172,HYCC2
84064,HDHD2
677884,PAKAP
10569,SLU7
26958,COPG2
20249,SCD1
5467,PPARD
412,STS
284207,METRNL
6717,SRI
387140,MIR21A
3949,LDLR
7538,ZFP36
4143,MAT1A
6934,TCF7L2
10216,PRG4
5597,MAPK6
23476,BRD4
4613,MYCN
23028,KDM1A
3578,IL9
50518,A
442908,MIR340
3775,KCNK1
162514,TRPV3
117579,RLN3
2488,FSHB
1361,CPB2
3757,KCNH2
6331,SCN5A
3784,KCNQ1
9992,KCNE2
3753,KCNE1
100314349,MIR133
1026,CDKN1A
9927,MFN2
1282,COL4A1
5444,PON1
2621,GAS6
7045,TGFBI
7416,VDAC1
2028,ENPEP
4192,MDK
160851,DGKH
27283,TINAG
84735,CNDP1
7126,TNFAIP1
55748,CNDP2
406937,MIR145
9844,ELMO1
54205,CYCS
5175,PECAM1
3105,HLA-A
3690,ITGB3
5196,PF4
3674,ITGA2B
2623,GATA1
4524,MTHFR
2812,GP1BB
2120,ETV6
2212,FCGR2A
3704,ITPA
374569,ASPG
2815,GP9
3562,IL3
6446,SGK1
860,RUNX2
4256,MGP
650,BMP2
120227,CYP2R1
2099,ESR1
1593,CYP27A1
1717,DHCR7
4036,LRP2
6574,SLC20A1
29123,ANKRD11
162466,PHOSPHO1
80169,CTC1
356,FASLG
18671,ABCB1A
3939,LDHA
7097,TLR2
1431,CS
7139,TNNT2
4512,COX1
4217,MAP3K5
359,AQP2
873,CBR1
4729,NDUFV2
4720,NDUFS2
4607,MYBPC3
5164,PDK2
5502,PPP1R1A
57724,EPG5
9997,SCO2
6444,SGCD
57381,RHOJ
57721,METTL14
54968,TMEM70
6443,SGCB
554,AVPR2
9499,MYOT
406141,PLA2
1756,DMD
467,ATF3
3329,HSPD1
22166,TXN1
3336,HSPE1
116,ADCYAP1
5600,MAPK11
84676,TRIM63
7533,YWHAH
7096,TLR1
55509,BATF3
283234,CCDC88B
149233,IL23R
944,TNFSF8
5657,PRTN3
3480,IGF1R
1491,CTH
3481,IGF2
5947,RBP1
1674,DES
1312,COMT
2746,GLUD1
8788,DLK1
54809,SAMD9
4998,ORC1
284276,LINC00908
114907,FBXO32
270,AMPD1
1499,CTNNB1
25937,WWTR1
23411,SIRT1
7057,THBS1
2879,GPX4
1634,DCN
5155,PDGFB
11607,AGTR1A
3958,LGALS3
284,ANGPT1
11001,SLC27A2
406991,MIR21
6422,SFRP1
80310,PDGFD
6863,TAC1
10159,ATP6AP2
8862,APLN
407034,MIR30E
54974,THG1L
5609,MAP2K7
407033,MIR30D
102,ADAM10
152,ADRA2C
1134,CHRNA1
6532,SLC6A4
2247,FGF2
4282,MIF
2495,FTH1
2182,ACSL4
5649,RELN
6281,S100A10
2782,GNB1
6616,SNAP25
121278,TPH2
3776,KCNK2
23705,CADM1
4886,NPY1R
7038,TG
2739,GLO1
2512,FTL
27185,DISC1
1816,DRD5
85458,DIXDC1
100035378,SPMD1
627,BDNF
29914,UBIAD1
9963,SLC23A1
2155,F7
9319,TRIP13
9793,CKAP5
3195,TLX1
389015,SLC9A4
3667,IRS1
968,CD68
4160,MC4R
79661,NEIL1
2176,FANCC
2175,FANCA
6336,SCN10A
10516,FBLN5
5522,PPP2R2C
21,ABCA3
5525,PPP2R5A
5520,PPP2R2A
943,TNFRSF8
56339,METTL3
7827,NPHS2
4868,NPHS1
26762,HAVCR1
4628,MYH10
23607,CD2AP
81,ACTN4
2776,GNAQ
4358,MPV17
64423,INF2
4643,MYO1E
7225,TRPC6
8542,APOL1
4627,MYH9
10269,ZMPSTE24
54443,ANLN
286204,CRB2
5076,PAX2
3039,HBA1
125,ADH1B
7015,TERT
5551,PRF1
51119,SBDS
5816,PVALB
3351,HTR1B
8991,SELENBP1
10814,CPLX2
10815,CPLX1
10137,RBM12
204,AK2
4549,RNR1
2706,GJB2
8556,CDC14A
182,JAG1
5077,PAX3
5424,POLD1
4089,SMAD4
120356739,LRRC51
9381,OTOF
23562,CLDN14
160335,TMTC2
4286,MITF
494513,PJVK
84947,SERAC1
2707,GJB3
83715,ESPN
65217,PCDH15
375611,SLC26A5
840,CASP7
894,CCND2
2308,FOXO1
1021,CDK6
375790,AGRN
4869,NPM1
1052,CEBPD
4297,KMT2A
1512,CTSH
8821,INPP4B
2052,EPHX1
3005,H1-0
378938,MALAT1
1978,EIF4EBP1
861,RUNX1
4599,MX1
824,CAPN2
864,RUNX3
307,ANXA4
3566,IL4R
4330,MN1
309,ANXA6
928,CD9
1788,DNMT3A
2672,GFI1
6919,TCEA2
481,ATP1B1
1665,DHX15
3006,H1-2
11040,PIM2
10125,RASGRP1
2274,FHL2
2122,MECOM
822,CAPG
8028,MLLT10
3417,IDH1
7490,WT1
7204,TRIO
113,ADCY7
1902,LPAR1
1495,CTNNA1
55252,ASXL2
51341,ZBTB7A
1522,CTSZ
81552,VOPP1
862,RUNX1T1
4026,LPP
7837,PXDN
11168,PSIP1
4629,MYH11
7280,TUBB2A
30845,EHD3
81848,SPRY4
10801,SEPTIN9
5457,POU4F1
10919,EHMT2
2078,ERG
6840,SVIL
6688,SPI1
79870,BAALC
58508,KMT2C
865,CBFB
60468,BACH2
8301,PICALM
9145,SYNGR1
10634,GAS2L1
8847,DLEU2
55740,ENAH
53826,FXYD6
4928,NUP98
51510,CHMP5
11326,VSIG4
4066,LYL1
8623,ASMTL
3205,HOXA9
26511,CHIC2
2969,GTF2I
6455,SH3GL1
945,CD33
8021,NUP214
366,AQP9
5817,PVR
6531,SLC6A3
2912,GRM2
3362,HTR6
8787,RGS9
5245,PHB1
9463,PICK1
7153,TOP2A
136,ADORA2B
619552,MIR483
6124,RPL4
6133,RPL9
7018,TF
3043,HBB
2067,ERCC1
2072,ERCC4
4254,KITLG
1761,DMRT1
8314,BAP1
55729,ATF7IP
1723,DHODH
790,CAD
604,BCL6
8438,RAD54L
7037,TFRC
25788,RAD54B
635,BHMT
8915,BCL10
843,CASP10
6470,SHMT1
2356,FPGS
6905,TBCE
1191,CLU
3934,LCN2
590,BCHE
2938,GSTA1
338,APOB
1356,CP
718,C3
8824,CES2
3484,IGFBP1
9456,HOMER1
1719,DHFR
7276,TTR
6573,SLC19A1
6351,CCL4
3106,HLA-B
4055,LTBR
197,AHSG
3263,HPX
7150,TOP1
6948,TCN2
57162,PELI1
6578,SLCO2A1
2627,GATA6
4548,MTR
6348,CCL3
581,BAX
396,ARHGDIA
4953,ODC1
4193,MDM2
10808,HSPH1
1647,GADD45A
6387,CXCL12
3320,HSP90AA1
8662,EIF3B
5901,RAN
393,ARHGAP4
7266,DNAJC7
5727,PTCH1
5702,PSMC3
1524,CX3CR1
5902,RANBP1
1192,CLIC1
3837,KPNB1
22948,CCT5
1973,EIF4A1
9230,RAB11B
330,BIRC3
6722,SRF
5721,PSME2
10527,IPO7
3326,HSP90AB1
5479,PPIB
3692,EIF6
6421,SFPQ
5705,PSMC5
6349,CCL3L1
329,BIRC2
3608,ILF2
64411,ARAP3
6634,SNRPD3
9861,PSMD6
998,CDC42
10436,EMG1
3577,CXCR1
5687,PSMA6
80273,GRPEL1
10980,COPS6
7528,YY1
10197,PSME3
5692,PSMB4
5699,PSMB10
3107,HLA-C
10204,NUTF2
6880,TAF9
10594,PRPF8
9531,BAG3
940,CD28
3068,HDGF
5714,PSMD8
23198,PSME4
5685,PSMA4
5720,PSME1
6426,SRSF1
397,ARHGDIB
30835,CD209
2208,FCER2
4153,MBL2
4150,MAZ
10189,ALYREF
4927,NUP88
5709,PSMD3
10574,CCT7
7203,CCT3
8683,SRSF9
5719,PSMD13
2971,GTF3A
3811,KIR3DL1
10946,SF3A3
85363,TRIM5
2555,GABRA2
9607,CARTPT
50944,SHANK1
1394,CRHR1
10743,RAI1
5066,PAM
8320,EOMES
9863,MAGI2
407040,MIR34A
1141,CHRNB2
1138,CHRNA5
2332,FMR1
2918,GRM8
338811,TAFA2
594857,NPS
1051,CEBPB
7132,TNFRSF1A
3303,HSPA1A
328,APEX1
629,CFB
5530,PPP3CA
2562,GABRB3
1066,CES1
3659,IRF1
1129,CHRM2
353376,TICAM2
41,ASIC1
8764,TNFRSF14
406921,MIR132
9618,TRAF4
8742,TNFSF12
3595,IL12RB2
9450,LY86
54756,IL17RD
1139,CHRNA7
406959,MIR183
3598,IL13RA2
26253,CLEC4E
2567,GABRG3
55341,LSG1
8993,PGLYRP1
460,ASTN1
8809,IL18R1
115650,TNFRSF13C
23495,TNFRSF13B
3581,IL9R
133396,IL31RA
244237,TNFRSF26
8678,BECN1
462,SERPINC1
81858,SHARPIN
2625,GATA3
5897,RAG2
1374,CPT1A
4502,MT2A
5879,RAC1
9970,NR1I3
7058,THBS2
547,KIF1A
4508,ATP6
3799,KIF5B
8074,FGF23
2591,GALNT3
4155,MBP
5376,PMP22
5396,PRRX1
9444,QKI
4340,MOG
1081,CGA
30474,RX3
1583,CYP11A1
2516,NR5A1
5618,PRLR
2936,GSR
30061,SLC40A1
57817,HAMP
113235,SLC46A1
51312,SLC25A37
3239,HOXD13
6581,SLC22A3
10059,DNM1L
6584,SLC22A5
8744,TNFSF9
6583,SLC22A4
7292,TNFSF4
3604,TNFRSF9
939,CD27
7293,TNFRSF4
970,CD70
22069,N-TUTCA2
831,CAST
1958,EGR1
60,ACTB
468,ATF4
7086,TKT
5173,PDYN
5106,PCK2
4830,NME1
652971,HSP70
2098,ESD
132,ADK
10840,ALDH1L1
506,ATP5F1B
768,CA9
37,ACADVL
1504,CTRB1
191,AHCY
1757,SARDH
229,ALDOB
6208,RPS14
6187,RPS2
1358,CPA2
7035,TFPI
175410,DAF-2
186237,F54D11.3
180562,F54G2.1
186498,GADR-1
178201,HIM-6
188653,SRAB-21
191270,ZK262.8
1806,DPYD
7172,TPMT
2213,FCGR2B
6603,SMARCD2
1991,ELANE
84522,JAGN1
1812,DRD1
4803,NGF
2891,GRIA2
114,ADCY8
2550,GABBR1
4135,MAP6
107,ADCY1
6623,SNCG
26047,CNTNAP2
28964,GIT1
1814,DRD3
4922,NTS
885,CCK
4880,NPPC
6720,SREBF1
1649,DDIT3
7494,XBP1
8431,NR0B2
6514,SLC2A2
123,PLIN2
4547,MTTP
10062,NR1H3
51129,ANGPTL4
9572,NR1D1
9420,CYP7B1
80339,PNPLA3
2147,F2
3032,HADHB
9315,NREP
866,SERPINA6
12350,CAR3
284111,SLC13A5
540,ATP7B
3087,HHEX
268756,GULO
11983,ATPIF1
51635,DHRS7
406924,MIR134
12623,CES1G
406952,MIR17
51547,SIRT7
23171,GPD1L
406903,MIR10B
406942,MIR150
574434,MIR410
664617,MIR542
3038,HAS3
406946,MIR154
574506,MIR503
406931,MIR139
406974,MIR197
407037,MIR320A
442892,MIR148B
100313923,MIR449C
723887,MIR463
494333,MIR384
735290,MIR706
407002,MIR219A1
5757,PTMA
11035,RIPK3
51548,SIRT6
6364,CCL20
3122,HLA-DRA
834,CASP1
965,CD58
114548,NLRP3
3720,JARID2
64859,NABP1
3605,IL17A
7428,VHL
8418,CMAHP
10225,CD96
10308,ZNF267
90196,SYS1
923,CD6
89857,KLHL6
3766,KCNJ10
84230,LRRC8C
8740,TNFSF14
3394,IRF8
5010,CLDN11
23095,KIF1B
868,CBLB
3575,IL7R
5027,P2RX7
4739,NEDD9
7128,TNFAIP3
9447,AIM2
23274,CLEC16A
285193,DUSP28
5133,PDCD1
3516,RBPJ
25897,RNF19A
4162,MCAM
1594,CYP27B1
1373,CPS1
7252,TSHB
4311,MME
100156830,PTI
2194,FASN
2878,GPX3
1869,E2F1
3397,ID1
100506658,OCLN
1386,ATF2
5080,PAX6
3198,HOXA1
3211,HOXB1
51185,CRBN
161742,SPRED1
22062,TRP73
2245,FGD1
79944,L2HGDH
2520,GAST
2919,CXCL1
3572,IL6ST
5320,PLA2G2A
1950,EGF
1839,HBEGF
2277,VEGFD
83939,EIF2A
1103,CHAT
3399,ID3
2252,FGF7
2705,GJB1
2113,ETS1
1948,EFNB2
6783,SULT1E1
148022,TICAM1
84335,AKT1S1
16194,IL6RA
7070,THY1
171352,CYP3A9
1946,EFNA5
170509,CYP3A62
6590,SLPI
6548,SLC9A1
89780,WNT3A
3635,INPP5D
1378,CR1
26580,BSCL2
10038,PARP2
4255,MGMT
6608,SMO
3689,ITGB2
28514,DLL1
10788,IQGAP2
27436,EML4
24147,FJX1
154796,AMOT
10413,YAP1
441478,NRARP
113878,DTX2
388585,HES5
100006454,TEAD1B
359834,TGFB1A
321449,CCN2A
797938,HBEGFA
407664,HBEGFB
60641,SOX9A
114425,ZEB1B
56606,SLC2A9
126133,ALDH16A1
22900,CARD8
6772,STAT1
6505,SLC1A1
30682,VEGFAA
80271,ITPKC
57096,RPGRIP1
3309,HSPA5
5187,PER1
1408,CRY2
8864,PER2
1407,CRY1
406,BMAL1
3161,HMMR
8863,PER3
23532,PRAME
6374,CXCL5
6354,CCL7
4283,CXCL9
6376,CX3CL1
7850,IL1R2
7133,TNFRSF1B
20308,CCL9
6355,CCL8
1230,CCR1
20309,CXCL15
1235,CCR6
959,CD40LG
20293,CCL12
3560,IL2RB
23,ABCF1
10803,CCR9
3568,IL5RA
11019,LIAS
6554,SLC10A1
3459,IFNGR1
3588,IL10RB
3455,IFNAR2
4017,LOXL2
406892,MIR100
406906,MIR122
406912,MIR125B2
100302115,MIR1468
406940,MIR148A
406965,MIR190A
406967,MIR192
574455,MIR193B
406970,MIR194-2
406987,MIR204
407020,MIR28
100126355,MIR365A
100126356,MIR365B
494327,MIR378A
100616259,MIR378I
619556,MIR455
102465530,MIR6881
100126334,MIR885
407055,MIR99A
406885,MIRLET7C
3439,IFNA1
5806,PTX3
7039,TGFA
5154,PDGFA
1675,CFD
26585,GREM1
3912,LAMB1
10144,FAM13A
407026,MIR29C
407029,MIR30A
1832,DSP
442910,MIR345
494337,MIR425
57105,CYSLTR2
407017,MIR26B
442900,MIR326
735283,MIR702
406902,MIR10A
387163,MIR145A
434758,RHOX3H
102466620,MIR6240
406985,MIR200C
406932,MIR140
4092,SMAD7
655,BMP7
406910,MIR125A
6498,SKIL
100500809,MIR23C
406968,MIR193A
406893,MIR101-1
574411,MIR451A
574443,MIR490
7852,CXCR4
2674,GFRA1
5592,PRKG1
6335,SCN9A
2915,GRM5
442891,MIR135B
6011,GRK1
723955,MIR135A-2
100526527,MIR344F
406990,MIR208A
102465791,MIR7688
151306,GPBAR1
5880,RAC2
4292,MLH1
29126,CD274
10320,IKZF1
64919,BCL11B
5756,TWF1
7042,TGFB2
12349,CAR2
3694,ITGB6
10631,POSTN
920,CD4
51164,DCTN4
2022,ENG
4314,MMP3
255738,PCSK9
406938,MIR146A
325,APCS
6526,SLC5A3
4144,MAT2A
22808,MRAS
7189,TRAF6
7291,TWIST1
574447,MIR146B
10221,TRIB1
54438,GFOD1
5045,FURIN
6272,SORT1
64240,ABCG5
345,APOC3
2100,ESR2
57608,JCAD
1952,CELSR2
23564,DDAH2
63976,PRDM16
11173,ADAMTS7
8613,PLPP3
84722,PSRC1
10544,PROCR
64241,ABCG8
2677,GGCX
221692,PHACTR1
3988,LIPA
130026,ICA1L
283450,HECTD4
79800,CARF
5069,PAPPA
10,NAT2
84439,HHIPL1
25802,LMOD1
4018,LPA
55759,WDR12
10791,VAMP5
6943,TCF21
10019,SH2B3
6909,TBX2
51256,TBC1D7
65065,NBEAL1
84830,ADTRP
8673,VAMP8
116519,APOA5
64968,MRPS6
375056,MIA3
20226,SARS
23294,ANKS1A
28,ABO
51530,ZC3HC1
420476,KIAA1462
1836,SLC26A2
1508,CTSB
3875,KRT18
2170,FABP3
24300,CYP2B1
1317,SLC31A1
14103,FASL
5950,RBP4
6418,SET
2628,GATM
29952,DPP7
6915,TBXA2R
14170,FGF15
112724,RDH13
789307,SAO
9131,AIFM1
1489,CTF1
2289,FKBP5
2395,FXN
407046,MIR9-1
100033678,MIR153C
54822,TRPM7
1128,CHRM1
5966,REL
56848,SPHK2
4012,LNPEP
50632,CALY
2558,GABRA5
9495,AKAP5
1105,CHD1
2925,GRPR
57282,SLC4A10
5697,PYY
3156,HMGCR
19,ABCA1
8013,NR4A3
27035,NOX1
2840,GPR17
1581,CYP7A1
488,ATP2A2
10891,PPARGC1A
155,ADRB3
7350,UCP1
31,ACACA
5105,PCK1
478,ATP1A3
4306,NR3C2
5577,PRKAR2B
6659,SOX4
341,APOC1
47,ACLY
8204,NRIP1
5037,PEBP1
22154,TUBB5
2053,EPHX2
79071,ELOVL6
25805,BAMBI
487,ATP2A1
1149,CIDEA
9464,HAND2
5792,PTPRF
25891,PAMR1
56729,RETN
35,ACADS
11034,DSTN
2660,MSTN
26358,ALDH1A7
235674,ACAA1B
81608,FIP1L1
84148,KAT8
57057,TBX20
406923,MIR133A2
3084,NRG1
90226,UCN2
6310,ATXN1
407053,MIR96
5788,PTPRC
8322,FZD4
406958,MIR182
10806,SDCCAG8
1297,COL9A1
5311,PKD2
4543,MTNR1A
30813,VSX1
100631041,MIR124
36447,GLAZ
20714,SERPINA3K
65018,PINK1
55532,SLC30A10
43484,DOP1R2
23400,ATP13A2
27429,HTRA2
8854,ALDH1A2
1639,DCTN1
8575,PRKRA
5428,POLG
2629,GBA1
43652,DJ-1BETA
173411,CAT-2
6571,SLC18A2
2668,GDNF
1644,DDC
9414,TJP2
1687,GSDME
2074,ERCC6
285590,SH3PXD2B
9197,SLC33A1
9254,CACNA2D2
55315,SLC29A3
4009,LMX1A
6103,RPGR
253827,MSRB3
5172,SLC26A4
124590,USH1G
4908,NTF3
9051,PSTPIP1
64127,NOD2
4210,MEFV
2770,GNAI1
2773,GNAI3
5550,PREP
2922,GRP
7032,TFF2
7031,TFF1
6441,SFTPD
639,PRDM1
283131,NEAT1
11274,USP18
407056,MIR99B
7432,VIP
429,ASCL1
3710,ITPR3
5698,PSMB9
9536,PTGES
4598,MVK
239,ALOX12
1843,DUSP1
5008,OSM
2791,GNG11
25816,TNFAIP8
8794,TNFRSF10C
2355,FOSL2
694,BTG1
9308,CD83
9690,UBE3C
203228,C9ORF72
4133,MAP2
84519,ACRBP
157922,CAMSAP1
9314,KLF4
55,ACP3
23166,STAB1
11252,PACSIN2
473,RERE
732,C8B
55500,ETNK1
3310,HSPA6
3693,ITGB5
2354,FOSB
146225,CMTM2
5329,PLAUR
200315,APOBEC3A
84281,C2ORF88
51338,MS4A4A
9468,PCYT1B
926,CD8B
353514,LILRA5
23080,AVL9
2209,FCGR1A
5239,PGM5
1998,ELF2
54757,FAM20A
10826,FAXDC2
153020,RASGEF1B
3772,KCNJ15
10810,WASF3
196441,ZFC3H1
7844,RNF103
1844,DUSP2
23522,KAT6B
22864,R3HDM2
9886,RHOBTB1
54502,RBM47
1846,DUSP4
8379,MAD1L1
5627,PROS1
9334,B4GALT5
9788,MTSS1
800,CALD1
27086,FOXP1
4088,SMAD3
23764,MAFF
122416,ANKRD9
84909,AOPEP
50807,ASAP1
139105,BEND2
23074,BLTP3B
10950,BTG3
555843,CHES1
8291,DYSF
9873,FCHSD2
768121,FOXO1A
494532,FOXO3A
2766,GMPR
3012,H2AC8
8339,H2BC8
64224,HERPUD2
221037,JMJD1C
100329036,JMJD2C
84441,MAML2
51320,MEX3C
84981,MIR22HG
4478,MSN
100820829,MYZAP
81565,NDEL1
5352,PLOD2
83699,SH3BGRL2
85413,SLC22A16
7027,TFDP1
340205,TREML1
23093,TTLL5
7324,UBE2E1
60685,ZFAND3
1760,DMPK
6329,SCN4A
4154,MBNL1
2152,F3
2,A2M
1284,COL4A2
2981,GUCA2B
8440,NCK2
4690,NCK1
914,CD2
83995,MMP1A
2262,GPC5
4790,NFKB1
4288,MKI67
578,BAK1
324,APC
4316,MMP7
6513,SLC2A1
3280,HES1
6280,S100A9
6817,SULT1A1
3306,HSPA2
6566,SLC16A1
5268,SERPINB5
6580,SLC22A1
29950,SERTAD1
8313,AXIN2
6876,TAGLN
23236,PLCB1
51176,LEF1
6275,S100A4
8842,PROM1
1890,TYMP
7170,TPM3
8434,RECK
3158,HMGCS2
54739,XAF1
57447,NDRG2
2535,FZD2
1592,CYP26A1
219,ALDH1B1
1158,CKM
116844,LRG1
72,ACTG2
30011,SH3KBP1
160728,SLC5A8
2949,GSTM5
5981,RFC1
5423,POLB
1045,CDX2
242,ALOX12B
6941,TCF19
2203,FBP1
10765,KDM5B
2596,GAP43
902,CCNH
2348,FOLR1
7158,TP53BP1
3679,ITGA7
1755,DMBT1
4224,MEP1A
407054,MIR98
8549,LGR5
8668,EIF3I
430,ASCL2
4904,YBX1
3700,ITIH4
143,PARP4
2898,GRIK2
23186,RCOR1
407008,MIR223
12351,CAR4
5121,PCP4
1670,DEFA5
4595,MUTYH
2153,F5
90355,MACIR
60487,TRMT11
503491,DEFA24
613220,DEFAL1
498659,RATNP-3B
100507056,CCAT1
553158,PRR5-ARHGAP8
4171,MCM2
80196,RNF34
11156,PTP4A3
1727,CYB5R3
84627,ZNF469
28253,SLCO1B2
387,RHOA
6832,SUPV3L1
55806,HR
6716,SRD5A2
7296,TXNRD1
6414,SELENOP
4583,MUC2
23512,SUZ12
23600,AMACR
4552,MTRR
7253,TSHR
574456,MIR497
9049,AIP
406936,MIR144
489,ATP2A3
723974,MIR500
100628586,MIR5112
19657,RBMY
751543,MIR690
3726,JUNB
9451,EIF2AK3
1000,CDH2
2911,GRM1
361,AQP4
18669,ABCB1B
1965,EIF2S1
1236,CCR7
57468,SLC12A5
3727,JUND
3920,LAMP2
6640,SNTA1
6751,SSTR1
8566,PDXK
8645,KCNK5
288,ANK3
6755,SSTR5
6752,SSTR2
55163,PNPO
6334,SCN8A
1237,CCR8
6754,SSTR4
6546,SLC8A1
4208,MEF2C
6547,SLC8A3
6753,SSTR3
2826,CCR10
311,ANXA11
56244,BTNL2
5420,PODXL
79001,VKORC1
6813,STXBP2
83706,FERMT3
64805,P2RY12
30517,AHR2
3589,IL11
5360,PLTP
2646,GCKR
64788,LMF1
51561,IL23A
5271,SERPINB8
64135,IFIH1
23586,RIGI
29785,CYP2S1
85463,ZC3H12C
55350,VNN3P
9232,PTTG1
55905,RNF114
130340,AP1S3
26525,IL36RN
84648,LCE3D
10758,TRAF3IP2
353143,LCE3B
125893,ZNF816
54620,FBXL19
163702,IFNLR1
79092,CARD14
117289,TAGAP
10498,CARM1
64478,CSMD1
353144,LCE3C
1027,CDKN1B
3014,H2AX
898,CCNE1
5241,PGR
672,BRCA1
5888,RAD51
11065,UBE2C
2065,ERBB3
1063,CENPF
5055,SERPINB2
1789,DNMT3B
3925,STMN1
6423,SFRP2
9590,AKAP12
7980,TFPI2
6591,SNAI2
9055,PRC1
5914,RARA
1942,EFNA1
2202,EFEMP1
8614,STC2
10397,NDRG1
3856,KRT8
6194,RPS6
208,AKT2
10551,AGR2
57561,ARRDC3
6615,SNAI1
3852,KRT5
226,ALDOA
1364,CLDN4
26227,PHGDH
652,BMP4
10457,GPNMB
2877,GPX2
10381,TUBB3
22943,DKK1
1435,CSF1
7424,VEGFC
675,BRCA2
4504,MT3
5321,PLA2G4A
9123,SLC16A3
972,CD74
6935,ZEB1
9510,ADAMTS1
2305,FOXM1
1938,EEF2
283120,H19
4323,MMP14
353,APRT
4046,LSP1
6776,STAT5A
9563,H6PD
8648,NCOA1
2118,ETV4
6236,RRAD
23406,COTL1
2852,GPER1
5744,PTHLH
9611,NCOR1
2921,CXCL3
10537,UBD
7517,XRCC3
580,BARD1
573,BAG1
9839,ZEB2
3945,LDHB
4240,MFGE8
8493,PPM1D
7025,NR2F1
5174,PDZK1
2316,FLNA
10499,NCOA2
11067,DEPP1
633,BGN
2173,FABP7
5138,PDE2A
375,ARF1
7161,TP73
7090,TLE3
23462,HEY1
1072,CFL1
4211,MEIS1
2821,GPI
597,BCL2A1
8412,BCAR3
133522,PPARGC1B
2662,GDF10
7913,DEK
4194,MDM4
4722,NDUFS3
7480,WNT10B
94234,FOXQ1
7468,NSD2
1474,CST6
2057,EPOR
27324,TOX3
9156,EXO1
5935,RBM3
6926,TBX3
3219,HOXB9
6257,RXRB
6721,SREBF2
3002,GZMB
4897,NRCAM
1933,EEF1B2
5789,PTPRD
57452,GALNT16
1294,COL7A1
3191,HNRNPL
23136,EPB41L3
5889,RAD51C
4485,MST1
81031,SLC2A10
3993,LLGL2
7423,VEGFB
2063,NR2F6
1735,DIO3
6160,RPL31
23493,HEY2
8894,EIF2S2
55809,TRERF1
55294,FBXW7
85236,H2BC12
26986,PABPC1
5890,RAD51B
83990,BRIP1
5002,SLC22A18
84870,RSPO3
6201,RPS7
5655,KLK10
10855,HPSE
3190,HNRNPK
407021,MIR29A
8871,SYNJ2
7348,UPK1B
3273,HRG
3090,HIC1
25800,SLC39A6
11188,NISCH
7516,XRCC2
23210,JMJD6
51466,EVL
3714,JAG2
11118,BTN3A2
10010,TANK
6181,RPLP2
91433,RCCD1
23345,SYNE1
2249,FGF4
3381,IBSP
708,C1QBP
6147,RPL23A
4919,ROR1
9154,SLC28A1
10542,LAMTOR5
6425,SFRP5
9821,RB1CC1
1825,DSC3
9801,MRPL19
5965,RECQL
79728,PALB2
1003,CDH5
10236,HNRNPR
7159,TP53BP2
3476,IGBP1
84456,L3MBTL3
4123,MAN2C1
26508,HEYL
50618,ITSN2
29072,SETD2
54567,DLL4
28957,MRPS28
407007,MIR222
10297,APC2
2004,ELK3
5047,PAEP
135228,CD109
83734,ATG10
134510,UBLCP1
7087,ICAM5
406933,MIR141
345274,SLC10A6
132671,SPATA18
348180,CTU2
252983,STXBP4
8289,ARID1A
7818,DAP3
2255,FGF10
23008,KLHDC10
6191,RPS4X
127707,KLHDC7A
4901,NRL
9755,TBKBP1
196527,ANO6
64170,CARD9
58484,NLRC4
2159,F10
5733,PTGER3
2158,F9
5028,P2RY1
3818,KLKB1
5139,PDE3A
2526,FUT4
644165,BCRP3
4142,MAS1
4540,ND5
4541,ND6
4514,COX3
4513,COX2
4572,TRNQ
4577,TRNV
4574,TRNS1
4511,TRNC
4567,TRNL1
4535,ND1
4519,CYTB
4558,TRNF
4566,TRNK
4575,TRNS2
4578,TRNW
842,CASP9
5604,MAP2K1
27113,BBC3
56616,DIABLO
120,ADD3
8655,DYNLL1
23765,IL17RA
1233,CCR4
3594,IL12RB1
8714,ABCC3
641371,ACOT1
22977,AKR7A3
9817,KEAP1
3067,HDC
2494,NR5A2
246329,STAC3
2257,FGF12
7376,NR1H2
114757,CYGB
11096,ADAMTS5
8462,KLF11
157869,SBSPON
23209,MLC1
5184,PEPD
151556,GPR155
167681,PRSS35
9719,ADAMTSL2
4591,TRIM37
1,A1BG
114805,GALNT13
129642,MBOAT2
8533,COPS3
3514,IGKC
219621,CABCOCO1
1826,DSCAM
1421,CRYGD
299357,IGH-6
367586,IGG-2A
1587,ADAM3A
366992,KB15
301230,RGD1565959
83667,SESN2
2539,G6PD
6521,SLC4A1
6710,SPTB
6262,RYR2
3759,KCNJ2
54805,CNNM2
2992,GYG1
3360,HTR4
151648,SGO1
4986,OPRK1
4987,OPRL1
3752,KCND3
10021,HCN4
427,ASAH1
3741,KCNA5
2250,FGF5
7068,THRB
4624,MYH6
5350,PLN
6653,SORL1
9586,CREB5
8110,DPF3
59345,GNB4
7514,XPO1
51807,TUBA8
858,CAV2
813,CALU
7473,WNT3
5318,PKP2
5523,PPP2R3A
376132,LRRC10
23353,SUN1
10529,NEBL
79658,ARHGAP10
463,ZFHX3
57120,GOPC
8925,HERC1
10090,UST
64710,NUCKS1
3782,KCNN3
5695,PSMB7
9915,ARNT2
64207,IRF2BPL
89797,NAV2
3298,HSF2
145781,GCOM1
65055,REEP1
9026,HIP1R
26010,SPATS2L
4666,NACA
222553,SLC35F1
8451,CUL4A
57666,FBRSL1
55777,MBD5
3781,KCNN2
7456,WIPF1
9644,SH3PXD2A
7273,TTN
124626,ZPBP2
3797,KIF3C
6586,SLIT3
9736,USP34
93649,MYOCD
6665,SOX15
2995,GYPC
10277,UBE4B
84700,MYO18B
23150,FRMD4B
9570,GOSR2
90102,PHLDB2
10466,COG5
221656,KDM1B
26018,LRIG1
6910,TBX5
3339,HSPG2
84665,MYPN
1607,DGKB
23224,SYNE2
9267,CYTH1
282996,RBM20
5308,PITX2
6660,SOX5
407030,MIR30B
4641,MYO1C
8497,PPFIA4
1073,CFL2
6442,SGCA
152002,XXYLT1
9148,NEURL1
23066,CAND2
58529,MYOZ1
83938,LRMDA
22955,SCMH1
23177,CEP68
9472,AKAP6
23039,XPO7
9960,USP3
221035,REEP3
845,CASQ2
144453,BEST3
8082,SSPN
54897,CASZ1
79591,ARMH3
7478,WNT8A
8022,LHX3
79933,SYNPO2L
11017,SNRNP27
58499,ZNF462
284688,LINC01142
150159,SLC9B1
84871,AGBL4
28965,SLC27A6
284546,C1ORF185
196385,DNAH10
144360,LINC00477
100506385,LINC01426
128826,MIR1-1HG
102466656,MIR6500
611,OPN1SW
6123,RPL3L
401014,TEX41
100506866,TTN-AS1
10398,MYL9
56901,NDUFA4L2
3486,IGFBP3
4082,MARCKS
7127,TNFAIP2
57007,ACKR3
3491,CCN1
54541,DDIT4
306,ANXA3
7112,TMPO
2618,GART
3059,HCLS1
23643,LY96
1827,RCAN1
4688,NCF2
6611,SMS
2870,GRK6
9052,GPRC5A
4794,NFKBIE
4218,RAB8A
84752,B3GNT9
1656,DDX6
1776,DNASE1L3
6372,CXCL6
8836,GGH
84159,ARID5B
176,ACAN
9355,LHX2
3663,IRF5
5911,RAP2A
10057,ABCC5
4261,CIITA
23569,PADI4
916,CD3E
3655,ITGA6
55971,BAIAP2L1
200734,SPRED2
921,CD5
84709,MGARP
5453,POU3F1
5673,PSG5
3899,AFF3
10678,B3GNT2
8604,SLC25A12
54826,GIN1
5771,PTPN2
26191,PTPN22
3237,HOXD11
81567,TXNDC5
1404,HAPLN1
81849,ST6GALNAC5
285704,RGMB
54899,PXK
160364,CLEC12A
4795,NFKBIL1
8200,GDF5
6366,CCL21
122618,PLD4
3236,HOXD10
151056,PLB1
10586,MAB21L2
3798,KIF5A
79258,MMEL1
79722,ANKRD55
51744,CD244
104472715,SNHG14
3118,HLA-DQA2
59341,TRPV4
2168,FABP1
10247,RIDA
445,ASS1
3624,INHBA
344,APOC2
5860,QDPR
24145,PANX1
5717,PSMD11
8125,ANP32A
8789,FBP2
6341,SCO1
124,ADH1A
8359,H4C1
2671,GFER
2157,F8
3053,SERPIND1
3026,HABP2
51156,SERPINA10
23621,BACE1
7019,TFAM
6517,SLC2A4
23237,ARC
498,ATP5F1A
1718,DHCR24
3416,IDE
7447,VSNL1
10452,TOMM40
23385,NCSTN
5664,PSEN2
267,AMFR
3482,IGF2R
10857,PGRMC1
5336,PLCG2
494324,MIR375
54209,TREM2
55676,SLC30A6
1808,DPYSL2
407022,MIR296
124152,IQCK
3077,HFE
26330,GAPDHS
1200,TPP1
29992,PILRA
274,BIN1
10347,ABCA7
7782,SLC30A4
83464,APH1B
10858,CYP46A1
574508,MIR505
8030,CCDC6
100126333,MIR708
57091,CASS4
81619,TSPAN14
768218,MIR766
27328,PCDH11X
51225,ABI3
3127,HLA-DRB5
100500871,MIR3622B
100616367,MIR4467
100170222,SNAR-I
40989,CTR1B
32142,ATP7
43668,CTR1C
6241,RRM2
7083,TK1
51203,NUSAP1
699,BUB1
4436,MSH2
701,BUB1B
7374,UNG
11197,WIF1
10963,STIP1
4094,MAF
10365,KLF2
2195,FAT1
2947,GSTM3
23468,CBX5
284217,LAMA1
10395,DLC1
57016,AKR1B10
2237,FEN1
3992,FADS1
140628,GATA5
5825,ABCD3
29980,DONSON
10058,ABCB6
5157,PDGFRL
6059,ABCE1
143187,VTI1A
10714,POLD3
6424,SFRP4
23461,ABCA5
79695,GALNT12
9415,FADS2
1487,CTBP1
7791,ZYX
94274,PPP1R14A
85415,RHPN2
23456,ABCB10
5782,PTPN12
387496,RASL11A
6447,SCG5
5236,PGM1
2201,FBN2
91768,CABLES1
64321,SOX17
256536,TCERG1L
64399,HHIP
368,ABCC6
64359,NXN
51339,DACT1
2115,ETV1
8741,TNFSF13
26256,CABYR
7849,PAX8
2318,FLNC
6820,SULT2B1
91653,BOC
55356,SLC22A15
1798,DPAGT1
5426,POLE
94081,SFXN1
678,ZFP36L2
26154,ABCA12
1630,DCC
23314,SATB2
10155,TRIM28
201163,FLCN
3231,HOXD1
22854,NTNG1
2275,FHL3
2070,EYA4
2903,GRIN2A
51247,PAIP2
3652,IPP
5795,PTPRJ
4093,SMAD9
54790,TET2
57178,ZMIZ1
11171,STRAP
57338,JPH3
4831,NME2
84444,DOT1L
80317,ZKSCAN3
406900,MIR106B
54894,RNF43
10241,CALCOCO2
154664,ABCA13
221687,RNF182
225,ABCD2
30833,NT5C
22992,KDM2A
23036,ZNF292
195828,ZNF367
668,FOXL2
5498,PPOX
10681,GNB5
10350,ABCA9
2984,GUCY2C
144717,PHETA1
5373,PMM2
150000,ABCC13
4163,MCC
66037,BOLL
116135,LRRC3B
5826,ABCD4
6750,SST
10908,PNPLA6
13112,CYP3A11
13088,CYP2B10
28250,SLCO1A4
1582,CYP8B1
200931,SLC51A
9962,SLC23A2
55062,WIPI1
123264,SLC51B
84649,DGAT2
13119,CYP4A14
26061,HACL1
4189,DNAJB9
56521,DNAJC12
7905,REEP5
3400,ID4
54676,GTPBP2
116496,NIBAN1
51179,HAO2
23189,KANK1
51014,TMED7
80270,HSD3B7
5104,SERPINA5
644,BLVRA
148738,HJV
6567,SLC16A2
9924,PAN2
7429,VIL1
6731,SRP72
79876,UBA5
56271,BEX4
64577,ALDH8A1
359845,RFLNB
9002,F2RL3
152518,NFXL1
154141,MBOAT1
93664,CADPS2
5962,RDX
112817,HOGA1
80896,NPL
27248,ERLEC1
84216,TMEM117
84068,SLC10A7
55286,C4ORF19
406961,MIR185
407012,MIR24-1
693121,MIR411
494323,MIR361
81494,CFHR5
723910,MIR351
406920,MIR130B
406884,MIRLET7B
407019,MIR27B
100124456,MIR872
735289,MIR704
406891,MIRLET7I
407000,MIR218-1
100126309,MIR875
100124496,MIR743B
494326,MIR377
28737,TRAJ18
949,SCARB1
38,ACAT1
51094,ADIPOR1
4481,MSR1
51085,MLXIPL
717,C2
442184,OR2B3
3113,HLA-DPA1
11074,TRIM31
10107,TRIM10
135644,TRIM40
1132,CHRM4
10105,PPIF
735,C9
4990,SIX6
5959,RDH5
2893,GRIA4
5923,RASGRF1
57369,GJD2
10265,IRX5
56479,KCNQ5
3908,LAMA2
646960,PRSS56
8694,DGAT1
6550,SLC9A3
4645,MYO5B
64375,IKZF4
25824,PRDX5
154064,RAET1L
55014,STX17
79465,ULBP3
3485,IGFBP2
2309,FOXO3
3956,LGALS1
871,SERPINH1
713,C1QB
1290,COL5A2
3959,LGALS3BP
4060,LUM
6464,SHC1
8407,TAGLN2
3918,LAMC2
10400,PEMT
7448,VTN
9104,RGN
408,ARRB1
710,SERPING1
5118,PCOLCE
10246,SLC17A2
4864,NPC1
1131,CHRM3
259247,OBP3
9645,MICAL2
148,ADRA1A
50511,SYCP3
731,C8A
3603,IL16
150684,COMMD1
50856,CLEC4A
1828,DSG1
721,C4B
5578,PRKCA
823,CAPN1
4317,MMP8
3914,LAMB3
3909,LAMA3
3251,HPRT1
1376,CPT2
7136,TNNI2
5837,PYGM
3094,HINT1
2673,GFPT1
5913,RAPSN
9177,HTR3B
729920,CRPPA
84466,MEGF10
9966,TNFSF15
3676,ITGA4
3696,ITGB8
3683,ITGAL
11186,RASSF1
8807,IL18RAP
55054,ATG16L1
8453,CUL2
56833,SLAMF8
55765,INAVA
345611,IRGM
283463,MUC19
727,C5
6569,SLC34A1
1962,EHHADH
7356,SCGB1A1
7113,TMPRSS2
1803,DPP4
31221,RAF
19412,RAS
9407,TMPRSS11D
1144,CHRND
146862,UNC45B
32585,EAS
43453,JUS
32619,PARA
846,CASR
4035,LRP1
79054,TRPM8
797,CALCB
79783,SUGCT
3355,HTR1F
9457,FHL5
3777,KCNK3
4773,NFATC2
94,ACVRL1
57262,RETNLA
7166,TPH1
2658,GDF2
6346,CCL1
147381,CBLN2
3547,IGSF1
7884,SLBP
64802,NMNAT1
91137,SLC25A46
6904,TBCD
147,ADRA1B
1375,CPT1B
5337,PLD1
7220,TRPC1
10616,RBCK1
29277,CYP2C11
859,CAV3
3709,ITPR2
3270,HRC
298423,CYP4A3
5338,PLD2
5590,PRKCZ
23523,CABIN1
10539,GLRX3
1385,CREB1
7077,TIMP2
2730,GCLM
1152,CKB
6402,SELL
51621,KLF13
51330,TNFRSF12A
23612,PHLDA3
2678,GGT1
56947,MFF
7804,LRP8
8315,BRAP
494335,MIR423
153090,DAB2IP
53345,TM6SF2
3957,LGALS2
221458,KIF6
440823,MIAT
8525,DGKZ
39078,HSP27
283551,LINC01588
407031,MIR30C1
100313892,MIR761
7080,NKX2-1
6439,SFTPB
3170,FOXA2
6440,SFTPC
7026,NR2F2
7345,UCHL1
3745,KCNB1
3213,HOXB3
3737,KCNA2
362,AQP5
64220,STRA6
7067,THRA
8817,FGF18
3202,HOXA5
7055,THAS
23414,ZFPM2
9759,HDAC4
290,ANPEP
7874,USP7
3978,LIG1
57412,AS3MT
9,NAT1
5690,PSMB2
1580,CYP4B1
2954,GSTZ1
10979,FERMT2
7442,TRPV1
3868,KRT16
5533,PPP3CC
7799,PRDM2
10723,SLC12A7
513,ATP5F1D
3149,HMGB3
10460,TACC3
8243,SMC1A
9700,ESPL1
9649,RALGPS1
5873,RAB27A
119391,GSTO2
140767,NRSN1
51479,ANKFY1
8000,PSCA
3670,ISL1
374887,YJEFN3
79366,HMGN5
84171,LOXL4
84181,CHD6
10735,STAG2
5874,RAB27B
146177,VWA3A
7403,KDM6A
26259,FBXW8
81037,CLPTM1L
2186,BPTF
5646,PRSS3
1463,NCAN
341568,OR8S1
389289,ANXA2R
84966,IGSF21
693120,MIR33B
27127,SMC1B
406962,MIR186
255022,CALHM1
693124,MIR532
4108,MAGEA9
110309,KRT6
100422979,MIR4324
2941,GSTA4
100,ADA
1999,ELF3
7415,VCP
32,ACACB
5295,PIK3R1
57761,TRIB3
3164,NR4A1
3990,LIPC
1363,CPE
3483,IGFALS
3767,KCNJ11
136259,KLF14
6687,SPG7
7389,UROD
1371,CPOX
92667,MGME1
1137,CHRNA4
63982,ANO3
1861,TOR1A
2774,GNAL
55145,THAP1
1293,COL6A3
6342,SCP2
25792,CIZ1
9757,KMT2B
10014,HDAC5
388,RHOB
170679,PSORS1C1
919,CD247
3064,HTT
6323,SCN1A
7504,XK
40336,PARK
7915,ALDH5A1
27250,PDCD4
1977,EIF4E
6662,SOX9
2034,EPAS1
2059,EPS8
9564,BCAR1
811,CALR
7001,PRDX2
8091,HMGA2
7341,SUMO1
1434,CSE1L
48,ACO1
7050,TGIF1
7704,ZBTB16
4684,NCAM1
1116,CHI3L1
3921,RPSA
1476,CSTB
406947,MIR155
9846,GAB2
3855,KRT7
57181,SLC39A10
6282,S100A11
9294,S1PR2
3658,IREB2
6609,SMPD1
51663,ZFR
154810,AMOTL1
92140,MTDH
79026,AHNAK
5820,PVT1
135932,TMEM139
91801,ALKBH8
6664,SOX11
1488,CTBP2
6539,SLC6A12
388591,RNF207
3705,ITPK1
1748,DLX4
84985,FAM83A
29979,UBQLN1
4660,PPP1R12B
79727,LIN28A
8518,ELP1
644076,GLYCAM1
406966,MIR191
10481,HOXB13
9506,PAGE4
3751,KCND2
2019,EN1
442911,MIR346
90353,CTU1
728655,HULC
283050,ZMIZ1-AS1
6913,TBX15
406999,MIR217
55140,ELP3
440078,FAM66C
100302203,MIR1271
3732,CD82
259,AMBP
406984,MIR200B
55544,RBM38
406997,MIR215
100126335,MIR543
25855,BRMS1
100126343,MIR874
100126328,MIR940
23405,DICER1
53373,TPCN1
54014,BRWD1
143689,PIWIL4
440822,PIWIL3
64848,YTHDC2
4942,OAT
440,ASNS
6319,SCD
27232,GNMT
7358,UGDH
7507,XPA
84263,HSDL2
29887,SNX10
168002,DACT2
10669,CGREF1
112399,EGLN3
11082,ESM1
283927,NUDT7
4891,SLC11A2
1124,CHN2
2272,FHIT
3697,ITIH1
310,ANXA7
5800,PTPRO
6925,TCF4
9317,PTER
64084,CLSTN2
81572,PDRG1
8916,HERC3
2737,GLI3
6240,RRM1
2350,FOLR2
6497,SKI
57822,GRHL3
4522,MTHFD1
27443,CECR2
57216,VANGL2
7546,ZIC2
81839,VANGL1
6862,TBXT
85416,ZIC5
80199,FUZ
257,ALX3
12935,CRN
56937,PMEPA1
8837,CFLAR
648,BMI1
55512,SMPD3
171023,ASXL1
546,ATRX
23451,SF3B1
8233,ZRSR2
7357,UGCG
4582,MUC1
54585,LZTFL1
5359,PLSCR1
56649,TMPRSS4
54664,TMEM106B
23250,ATP11A
53335,BCL11A
2524,FUT2
7177,TPSAB1
712,C1QA
11277,TREX1
59067,IL21
6932,TCF7
25780,RASGRP3
7100,TLR5
10666,CD226
1380,CR2
50619,DEF6
55024,BANK1
1773,DNASE1
54887,BLTP3A
57661,PHRF1
399909,PCNX3
221895,JAZF1
946,SIGLEC6
121260,SLC15A4
100314048,MIR196A
50615,IL21R
114609,TIRAP
2532,ACKR1
2993,GYPA
2994,GYPB
259197,NCR3
16190,IL4RA
623,BDKRB1
10887,PROKR1
5179,PENK
4923,NTSR1
354,KLK3
572,BAD
9687,GREB1
3148,HMGB2
4322,MMP13
664,BNIP3
3248,HPGD
3283,HSD3B1
7184,HSP90B1
8829,NRP1
4824,NKX3-1
7164,TPD52L1
9516,LITAF
2690,GHR
3817,KLK2
3708,ITPR1
6256,RXRA
3187,HNRNPH1
1316,KLF6
7430,EZR
27242,TNFRSF21
6237,RRAS
10439,OLFM1
2923,PDIA3
4072,EPCAM
3915,LAMC1
2192,FBLN1
3293,HSD17B3
2012,EMP1
6715,SRD5A1
3292,HSD17B1
135112,NCOA7
2014,EMP3
3977,LIFR
4601,MXI1
54361,WNT4
4477,MSMB
6890,TAP1
1365,CLDN3
1289,COL5A1
10625,IVNS1ABP
6091,ROBO1
23635,SSBP2
373156,GSTK1
1465,CSRP1
4925,NUCB2
2296,FOXC1
6950,TCP1
79718,TBL1XR1
1306,COL15A1
5887,RAD23B
26137,ZBTB20
6822,SULT2A1
6223,RPS19
6690,SPINK1
8365,H4C8
3728,JUP
8932,MBD2
7114,TMSB4X
1366,CLDN7
6462,SHBG
7371,UCK2
8754,ADAM9
996,CDC27
5371,PML
8661,EIF3A
9080,CLDN9
2650,GCNT1
5493,PPL
28999,KLF15
50509,COL5A3
29087,THYN1
12,SERPINA3
9709,HERPUD1
51084,CRYL1
6885,MAP3K7
10417,SPON2
27134,TJP3
79784,MYH14
7178,TPT1
148327,CREB3L4
5796,PTPRK
5074,PAWR
51655,RASD1
3249,HPN
7763,ZFAND5
8560,DEGS1
22907,DHX30
5378,PMS1
6695,SPOCK1
55198,APPL2
545,ATR
1012,CDH13
23301,EHBP1
4782,NFIC
1266,CNN3
4610,MYCL
55819,RNF130
8495,PPFIBP2
10263,CDK2AP2
3284,HSD3B2
2264,FGFR4
7162,TPBG
6768,ST14
2119,ETV5
8895,CPNE3
55829,SELENOS
51181,DCXR
60526,LDAH
563,AZGP1
9538,EI24
51426,POLK
23671,TMEFF2
196528,ARID2
143686,SESN3
5611,DNAJC3
6916,TBXAS1
6136,RPL12
54431,DNAJC10
4437,MSH3
79689,STEAP4
55636,CHD7
23753,SDF2L1
389058,SP5
5896,RAG1
3913,LAMB2
5100,PCDH8
10948,STARD3
2803,GOLGA4
7263,TST
10961,ERP29
56288,PARD3
116113,FOXP4
23204,ARL6IP1
1605,DAG1
30008,EFEMP2
10514,MYBBP1A
6296,ACSM3
55840,EAF2
7367,UGT2B17
11176,BAZ2A
8804,CREG1
4507,MTAP
55256,ADI1
10587,TXNRD2
113189,CHST14
27173,SLC39A1
23382,AHCYL2
23013,SPEN
3047,HBG1
10158,PDZK1IP1
3352,HTR1D
887,CCKBR
26050,SLITRK5
3218,HOXB8
1314,COPA
4170,MCL1
942,CD86
3662,IRF4
406979,MIR19A
23492,CBX7
3981,LIG4
10866,HCP5
54986,ULK4
170680,PSORS1C2
407048,MIR92A1
1302,COL11A2
2259,FGF14
23508,TTC9
89795,NAV3
168667,BMPER
6157,RPL27A
57680,CHD8
54583,EGLN1
6430,SRSF5
83716,CRISPLD2
7051,TGM1
10728,PTGES3
241,ALOX5AP
27040,LAT
6039,RNASE6
5023,P2RX1
2570,GABRR2
6489,ST8SIA1
85028,SNHG12
1907,EDN2
2358,FPR2
4689,NCF4
159296,NKX2-3
8929,PHOX2B
64167,ERAP2
219771,CCNY
163486,DENND1B
339145,CIBAR2
5168,ENPP2
10797,MTHFD2
200942,KLHDC8B
976,ADGRE5
5745,PTH1R
683,BST1
27125,AFF4
338339,CLEC4D
79192,IRX1
218,ALDH3A1
9588,PRDX6
3475,IFRD1
231,AKR1B1
56994,CHPT1
50,ACO2
406886,MIRLET7D
406992,MIR210
7103,TSPAN8
5413,SEPTIN5
3489,IGFBP6
10449,ACAA2
1528,CYB5A
23491,CES3
1879,EBF1
406913,MIR126
8402,SLC25A11
3938,LCT
406953,MIR18A
494329,MIR380
406914,MIR127
3982,LIM2
54253,G8
406916,MIR128-2
387203,MIR207
100314290,MIR26A
723846,MIR341
100313981,MIR344-1
100313983,MIR349
8772,FADD
2248,FGF3
26471,NUPR1
9075,CLDN2
406948,MIR15A
406996,MIR214
407018,MIR27A
407035,MIR31
574032,MIR20B
100126319,MIR216B
406957,MIR181C
407004,MIR22
406919,MIR130A
406998,MIR216A
406983,MIR200A
5644,PRSS1
574457,MIR181D
554210,MIR429
442913,MIR376C
442904,MIR335
693128,MIR548B
693194,MIR609
3897,L1CAM
5916,RARG
2303,FOXC2
54499,TMCO1
93183,PIGM
2165,F13B
112802,KRT71
6144,RPL21
121391,KRT74
200879,LIPH
10161,LPAR6
6635,SNRPE
21473,TCRA
4054,LTBP3
10084,PQBP1
152330,CNTN4
8364,H4C3
79048,SECISBP2
407975,MIR17HG
26277,TINF2
84282,RNF135
282808,RAB40AL
8800,PEX11A
602,BCL3
55219,MACO1
23657,SLC7A11
79733,E2F8
389,RHOC
8840,CCN4
56261,GPCPD1
1964,EIF1AX
7531,YWHAE
5829,PXN
1974,EIF4A2
1475,CSTA
80306,MED28
4969,OGN
5395,PMS2
1155,TBCB
23152,CIC
221078,NSUN6
5629,PROX1
7347,UCHL3
442909,MIR342
55577,NAGK
10893,MMP24
406899,MIR106A
407042,MIR34C
2258,FGF13
693223,MIR638
407006,MIR221
406986,MIR203A
574033,MIR18B
9623,TCL1B
407009,MIR224
693180,MIR595
693149,MIR564
645249,MNX1-AS1
101669767,SCHLAP1
574466,MIR519C
8302,KLRC4
3075,CFH
22978,NT5C2
5079,PAX5
6929,TCF3
55824,PAG1
3233,HOXD4
6886,TAL1
22807,IKZF2
63978,PRDM14
3131,HLF
1053,CEBPE
79813,EHMT1
286530,P2RY8
100288687,DUX4
7441,VPREB1
64109,CRLF2
6887,TAL2
4010,LMX1B
4097,MAFG
5205,ATP8B1
1174,AP1S1
2206,MS4A2
891,CCNB1
174,AFP
991,CDC20
9133,CCNB2
637,BID
4085,MAD2L1
7832,BTG2
5166,PDK4
1062,CENPE
1033,CDKN3
51,ACOX1
995,CDC25C
9636,ISG15
11004,KIF2C
55872,PBK
10112,KIF20A
3931,LCAT
9099,USP2
29128,UHRF1
990,CDC6
1959,EGR2
1058,CENPA
8805,TRIM24
5226,PGD
9787,DLGAP5
1031,CDKN2C
899,CCNF
11130,ZWINT
5052,PRDX1
1893,ECM1
5858,PZP
2222,FDFT1
2171,FABP5
23397,NCAPH
3556,IL1RAP
83461,CDCA3
127,ADH4
113130,CDCA5
51302,CYP39A1
83540,NUF2
55388,MCM10
55143,CDCA8
51053,GMNN
10403,NDC80
51514,DTL
157313,CDCA2
29127,RACGAP1
22974,TPX2
9493,KIF23
11185,INMT
259266,ASPM
947,CD34
1894,ECT2
8208,CHAF1B
390,RND3
4837,NNMT
51166,AADAT
55165,CEP55
55723,ASF1B
57405,SPC25
51316,PLAC8
64151,NCAPG
8406,SRPX
2108,ETFA
5836,PYGL
4605,MYBL2
10327,AKR1A1
922,CD5L
9928,KIF14
29089,UBE2T
1464,CSPG4
3660,IRF2
5199,CFP
79682,CENPU
25903,OLFML2B
55215,FANCI
8318,CDC45
24137,KIF4A
9768,PCLAF
9227,LRAT
51512,GTSE1
56992,KIF15
6888,TALDO1
6469,SHH
5230,PGK1
3833,KIFC1
8900,CCNA1
114990,VASN
55789,DEPDC1B
10894,LYVE1
3083,HGFAC
2998,GYS2
9920,KBTBD11
83875,BCO2
1951,CELSR3
128239,IQGAP3
79019,CENPM
55635,DEPDC1
3699,ITIH3
1540,CYLD
2719,GPC3
283600,SLC25A47
10024,TROAP
9353,SLIT2
9824,ARHGAP11A
22937,SCAP
5469,MED1
10643,IGF2BP3
84879,MFSD2A
51441,YTHDF2
57492,ARID1B
81620,CDT1
87178,PNPT1
7325,UBE2E2
2177,FANCD2
5218,CDK14
56892,TCIM
387103,CENPW
83854,ANGPTL6
220134,SKA1
64651,CSRNP1
169611,OLFML2A
150468,CKAP2L
81930,KIF18A
81610,FAM83D
8312,AXIN1
22849,CPEB3
2775,GNAO1
9965,FGF19
10293,TRAIP
8720,MBTPS1
319,APOF
5307,PITX1
4493,MT1E
10987,COPS5
8685,MARCO
51191,HERC5
10584,COLEC10
122953,JDP2
83483,PLVAP
83597,RTP3
2823,GPM6A
55379,LRRC59
55247,NEIL3
9837,GINS1
55576,STAB2
22994,CEP131
5317,PKP1
79831,KDM8
7433,VIPR1
147372,CCBE1
131669,UROC1
55355,HJURP
2167,FABP4
55244,SLC47A1
793,CALB1
7020,TFAP2A
50484,RRM2B
7033,TFF3
8437,RASAL1
9899,SV2B
11136,SLC7A9
55764,IFT122
84662,GLIS2
84560,MT4
23322,RPGRIP1L
10736,SIX2
546644,LY6G
3207,HOXA11
284086,NEK8
79809,TTC21B
4719,NDUFS1
4633,MYL2
58498,MYL7
4635,MYL4
2548,GAA
6902,TBCA
4985,OPRD1
4885,NPTX2
4086,SMAD1
4090,SMAD5
1133,CHRM5
1143,CHRNB4
3061,HCRTR1
8973,CHRNA6
57154,SMURF1
4887,NPY2R
112230,PBW1
6529,SLC6A1
10962,MLLT11
6597,SMARCA4
5087,PBX1
5091,PC
53947,A4GALT
10693,CCT6B
10841,FTCD
10672,GNA13
27164,SALL3
79365,BHLHE41
6013,RLN1
2946,GSTM2
1637,DCR
768219,MIR802
10763,NES
2670,GFAP
2561,GABRB2
7337,UBE3A
348980,HCN1
8514,KCNAB2
8404,SPARCL1
6326,SCN2A
3785,KCNQ2
5025,P2RX4
2290,FOXG1
5813,PURA
22953,P2RX2
1917,EEF1A2
3756,KCNH1
1759,DNM1
1106,CHD2
10087,CERT1
112755,STX1B
3192,HNRNPU
1654,DDX3X
11152,WDR45
57526,PCDH19
6792,CDKL5
26053,AUTS2
6812,STXBP1
80816,ASXL3
340533,NEXMIF
8831,SYNGAP1
6415,SELENOW
108096,SLCO1A5
23096,IQSEC2
10617,STAMBP
116442,RAB39B
79868,ALG13
3611,ILK
4744,NEFH
8912,CACNA1H
5689,PSMB1
4644,MYO5A
1780,DYNC1I1
30812,SOX8
23221,RHOBTB2
2071,ERCC3
9990,SLC12A6
126129,CPT1C
8139,GAN
100126572,GJE1
774,CACNA1B
8671,SLC4A4
2584,GALK1
5309,PITX3
23424,TDRD7
12969,CRYGF
1427,CRYGS
4284,MIP
1420,CRYGC
2703,GJA8
1414,CRYBB1
140634,CYP1A
6549,SLC9A2
81693,AMN
379764,CREB1.S
2695,GIP
18,ABAT
900,CCNG1
1028,CDKN1C
6520,SLC3A2
7474,WNT5A
29923,HILPDA
9592,IER2
1326,MAP3K8
771,CA12
634,CEACAM1
8517,IKBKG
2254,FGF9
51363,CHST15
60370,AVPI1
3423,IDS
4800,NFYA
1291,COL6A1
14869,GSTP2
10592,SMC2
51092,SIDT2
116285,ACSM1
5654,HTRA1
9728,SECISBP2L
7306,TYRP1
10253,SPRY2
234564,CES1F
7011,TEP1
2886,GRB7
1796,DOK1
27044,SND1
10063,COX17
55076,TMEM45A
4354,MPP1
79991,STN1
1212,CLTB
1108,CHD4
574452,MIR494
9922,IQSEC1
8635,RNASET2
60673,ATG101
1135,CHRNA2
9635,CLCA2
94025,MUC16
9046,DOK2
51750,RTEL1
79930,DOK3
160492,LMNTD1
810,CALML3
6599,SMARCC1
1136,CHRNA3
25898,RCHY1
7984,ARHGEF5
10863,ADAM28
2018,EMX2
541471,MIR4435-2HG
84864,RIOX2
12409,CBR2
60529,ALX4
5519,PPP2R1B
80157,CWH43
406927,MIR136
6362,CCL18
574413,MIR409
253650,ANKRD18A
10071,MUC12
400931,MIRLET7BHG
320662,CASC1
5641,LGMN
7512,XPNPEP2
3295,HSD17B4
51733,UPB1
4828,NMB
2150,F2RL1
59340,HRH4
22809,ATF5
1182,CLCN3
23187,PHLDB1
4603,MYBL1
11170,FAM107A
23362,PSD3
1184,CLCN5
482,ATP1B2
23650,TRIM29
1657,DMXL1
3020,H3-3A
25913,POT1
79631,EFL1
8358,H3C2
137196,CCDC26
6528,SLC5A5
3814,KISS1
84634,KISS1R
84530,SRRM4
729330,OC90
7481,WNT11
212,ALAS2
54977,SLC25A38
51218,GLRX5
22,ABCB7
3764,KCNJ8
317,APAF1
5648,MASP1
3664,IRF6
2253,FGF8
4487,MSX1
1749,DLX5
6899,TBX1
2138,EYA1
4087,SMAD2
4488,MSX2
54796,BNC2
3340,NDST1
1746,DLX2
9378,NRXN1
145258,GSC
11285,B4GALT7
29927,SEC61A1
25836,NIPBL
4335,MNT
80714,PBX4
2239,GPC4
3200,HOXA3
25942,SIN3A
1301,COL11A1
10683,DLL3
1745,DLX1
93986,FOXP2
23169,SLC35D1
5251,PHEX
56172,ANKH
8092,ALX1
7547,ZIC3
30062,RAX
26229,B3GAT3
657,BMPR1A
7227,TRPS1
6949,TCOF1
6495,SIX1
2299,FOXI1
60642,SOX9B
78989,COLEC11
2077,ERF
6493,SIM2
9270,ITGB1BP1
80146,UXS1
1750,DLX6
6834,SURF1
3954,LETM1
10238,DCAF7
6730,SRP68
3166,HMX1
9786,KIAA0586
9569,GTF2IRD1
157506,RDH10
7353,UFD1
286077,FAM83H
284058,KANSL1
10943,MSL3
325102,EIF3EA
407681,FOXF2A
1055,CECR
154791,FMC1
3206,HOXA10
255488,RNF144B
7869,SEMA3B
64061,TSPYL2
2956,MSH6
3294,HSD17B2
6770,STAR
10060,ABCC9
3927,LASP1
55743,CHFR
6405,SEMA3F
51393,TRPV2
8405,SPOP
27030,MLH3
10772,SRSF10
55558,PLXNA3
94160,ABCC12
6605,SMARCE1
4771,NF2
8851,CDK5R1
5021,OXTR
5009,OTC
6555,SLC10A2
171522,CYP2D4
7592,ZNF41
80854,SETD7
7436,VLDLR
7352,UCP3
10411,RAPGEF3
56603,CYP26B1
364,AQP7
3099,HK2
8801,SUCLG2
3033,HADH
181,AGRP
5167,ENPP1
2180,ACSL1
5209,PFKFB3
17311,KITL
1892,ECHS1
54,ACP5
1350,COX7C
8522,GAS7
5583,PRKCH
4594,MMUT
4329,ALDH6A1
55690,PACS1
132789,GNPDA2
8803,SUCLA2
7385,UQCRC2
2110,ETFDH
257194,NEGR1
9672,SDC3
8165,AKAP1
64756,ATPAF1
23788,MTCH2
1947,EFNB1
5346,PLIN1
114294,LACTB
3215,HOXB5
51043,ZBTB7B
9194,SLC16A7
23216,TBC1D1
23011,RAB21
4808,NHLH2
109,ADCY3
79047,KCTD15
761,CA3
56623,INPP5E
147495,APCDD1
5367,PMCH
5122,PCSK1
151742,PPM1L
406960,MIR184
4889,NPY5R
25970,SH2B1
23217,ZFR2
129787,TMEM18
196475,RMST
955,ENTPD6
169841,ZNF169
7425,VGF
167691,LCA5
6121,RPE65
645,BLVRB
1915,EEF1A1
4907,NT5E
5793,PTPRG
501,ALDH7A1
10131,TRAP1
220,ALDH1A3
3490,IGFBP7
80328,ULBP2
5480,PPIC
9805,SCRN1
6137,RPL13
51196,PLCE1
56915,EXOSC5
6095,RORA
9725,TMEM63A
10148,EBI3
5036,PA2G4
3384,ICAM2
26135,SERBP1
1642,DDB1
4291,MLF1
1032,CDKN2D
8611,PLPP1
54474,KRT20
5325,PLAGL1
2286,FKBP2
27145,FILIP1
2266,FGG
53635,PTOV1
131566,DCBLD2
8516,ITGA8
6227,RPS21
5886,RAD23A
1201,CLN3
10232,MSLN
152273,FGD5
27034,ACAD8
56287,GKN1
51035,UBXN1
5918,RARRES1
79633,FAT4
80324,PUS1
51501,HIKESHI
84364,ARFGAP2
3199,HOXA2
8189,SYMPK
5524,PTPA
23201,FAM168A
27131,SNX5
28973,MRPS18B
5518,PPP2R1A
100124700,HOTAIR
6628,SNRPB
70,ACTC1
23246,BOP1
10528,NOP56
4588,MUC6
8802,SUCLG1
7022,TFAP2C
51292,GMPR2
84527,ZNF559
8190,MIA
245972,ATP6V0D2
79852,EPHX3
5160,PDHA1
8148,TAF15
8530,CST7
6231,RPS26
4723,NDUFV1
29894,CPSF1
27339,PRPF19
4074,M6PR
4695,NDUFA2
6141,RPL18
10330,CNPY2
6700,SPRR2A
6138,RPL15
3621,ING1
90338,ZNF160
9277,WDR46
7730,ZNF177
9136,RRP9
51728,POLR3K
3420,IDH3B
83998,REG4
64963,MRPS11
1469,CST1
6209,RPS15
8857,FCGBP
79187,FSD1
84654,SPZ1
55739,NAXD
57610,RANBP10
51042,ZNF593
125997,MBD3L2
759,CA1
50813,COPS7A
1496,CTNNA2
81605,URM1
29777,ABT1
100126318,MIR301B
51594,NBAS
100128252,ZNF667-AS1
19692,REG1
107986962,GRHL2-DT
8622,PDE8B
552,AVPR1A
1589,CYP21A2
3665,IRF7
8942,KYNU
25642,CYP3A23-3A1
6097,RORC
266682,CYP3A2
9373,PLAA
361523,CYP2B2
40,ASIC2
10747,MASP2
9311,ASIC3
1241,LTB4R
11221,DUSP10
2588,GALNS
114131,UCN3
2572,GAD2
4804,NGFR
6854,SYN2
2593,GAMT
7779,SLC30A1
2897,GRIK1
3612,IMPA1
8828,NRP2
8777,MPDZ
59343,SENP2
57534,MIB1
39054,RDL
54715,RBFOX1
54886,PLPPR1
11284,PNKP
5978,REST
3074,HEXB
17836,MUG1
173,AFM
11947,ATP5B
13884,CES1C
407010,MIR23A
387169,MIR151
407014,MIR25
3048,HBG2
406943,MIR152
109953,MAP1
102466618,MIR3473
283238,SLC22A24
619560,RUP2
50604,IL20
17062,LY6
723876,MIR486
391051,UOX
64778,FNDC3B
6311,ATXN2
100048912,CDKN2B-AS1
4653,MYOC
10133,OPTN
6575,SLC20A2
80704,SLC19A3
9213,XPR1
81631,MAP1LC3B
2805,GOT1
6652,SORD
2948,GSTM4
7846,TUBA1A
2819,GPD1
994,CDC25B
10383,TUBB4B
4967,OGDH
1824,DSC2
5053,PAH
9615,GDA
821,CANX
622,BDH1
3030,HADHA
10957,PNRC1
5358,PLS3
223,ALDH9A1
6821,SUOX
10157,AASS
160428,ALDH1L2
9695,EDEM1
10611,PDLIM5
1979,EIF4EBP2
51056,LAP3
7373,COL14A1
1510,CTSE
3242,HPD
1629,DBT
10096,ACTR3
350,APOH
51382,ATP6V1D
1737,DLAT
101,ADAM8
1990,CELA1
14325,FTL1
15122,HBA-A1
84913,ATOH8
123096,SLC25A29
2664,GDI1
10006,ABI1
5130,PCYT1A
55862,ECHDC1
246730,OAS1A
23193,GANAB
56922,MCCC1
26266,SLC13A4
64218,SEMA4A
8078,USP5
686,BTD
8310,ACOX3
9214,FCMR
80142,PTGES2
29105,CFAP20
55151,TMEM38B
57017,COQ9
79600,TCTN1
5436,POLR2G
254887,ZDHHC23
10380,BPNT1
136319,MTPN
170816,OLR59
1040,CDS1
10989,IMMT
160760,PPTC7
8976,WASL
9698,PUM1
407050,MIR93
169355,IDO2
81622,UNC93B1
9942,XYLB
442038,SULT1C3
112869,SGF29
393556,GSTT1B
84187,TMEM164
406901,MIR107
406890,MIRLET7G
54940,OCIAD1
442901,MIR328
407011,MIR23B
693159,MIR574
574030,MIR362
112574,SNX18
406941,MIR149
15452,HPRT
2868,GRK4
406934,MIR142
406964,MIR188
100126313,MIR744
574412,MIR452
171398,UST5R
54466,SPIN2A
16995,LTB4R1
393484,CYP2K18
100126314,MIR877
442906,MIR338
100302145,MIR1247
619553,MIR484
100302197,MIR1306
406969,MIR194-1
693122,MIR421
693214,MIR629
407027,MIR301A
100302142,MIR1246
751541,MIR687
100422867,MIR378C
693177,MIR592
407025,MIR29B2
100302276,MIR1290
574501,MIR499A
100628578,MIR5099
693210,MIR625
406911,MIR125B1
100302240,MIR1304
100422991,MIR1260B
100124437,MIR327
724030,MIR660
100313838,MIR764
735277,MIR697
693174,MIR589
100302149,MIR1249
723779,MIR651
100302174,MIR1307
100616258,MIR4516
693212,MIR627
442912,MIR367
100124492,MIR879
100616357,MIR3591
100302218,MIR1285-1
406904,MIR1-1
723824,MIR103-1
100616135,MIR4507
100302236,MIR1260A
387227,MIR30C-1
100500847,MIR3615
102465802,MIR7704
100616437,MIR1343
102465489,MIR6815
100616247,MIR151B
100847070,MIR5196
102465513,MIR6852
102465833,MIR4433B
3685,ITGAV
3163,HMOX2
1270,CNTF
203286,ANKS6
54902,TTC19
177343,SKN-1
172518,WDR-23
2557,GABRA4
1960,EGR3
773,CACNA1A
785,CACNB4
372,ARCN1
6868,ADAM17
3305,HSPA1L
2207,FCER1G
4056,LTC4S
10800,CYSLTR1
4295,MLN
6535,SLC6A8
85358,SHANK3
57705,WDFY4
57582,KCNT1
94086,HSPB9
54187,NANS
51668,HSPB11
81704,DOCK8
55738,ARFGAP1
9369,NRXN3
10207,PATJ
2917,GRM7
3983,ABLIM1
143458,LDLRAD3
55717,WDR11
259217,HSPA12A
23034,SAMD4A
9128,PRPF4
64131,XYLT1
22998,LIMCH1
114134,SLC2A13
55742,PARVA
26230,TIAM2
4482,MSRA
8048,CSRP3
5366,PMAIP1
80031,SEMA6D
79875,THSD4
253782,CERS6
54927,CHCHD3
4646,MYO6
143098,MPP7
23307,FKBP15
57451,TENM2
105,ADARB2
80034,CSRNP3
140733,MACROD2
9465,AKAP7
5768,QSOX1
9557,CHD1L
51082,POLR1D
79750,ZNF385D
51660,MPC1
29922,NME7
84247,RTL6
114786,XKR4
80206,FHOD3
1653,DDX1
27146,FAM184B
55691,FRMD4A
11278,KLF12
79632,FAM184A
121601,ANO4
55297,CCDC91
22925,PLA2R1
1793,DOCK1
23214,XPO6
143503,OR51E1
55930,MYO5C
5137,PDE1C
344805,TMPRSS7
80095,ZNF606
10160,FARP1
81035,COLEC12
57733,GBA3
25807,RHBDD3
7260,EIPR1
1769,DNAH8
84668,HYCC1
3500,IGHG1
6897,TARS1
3501,IGHG2
57104,PNPLA2
6508,SLC4A3
8841,HDAC3
522,ATP5PF
6947,TCN1
4976,OPA1
6389,SDHA
2487,FRZB
10971,YWHAQ
1292,COL6A2
205,AK4
526,ATP6V1B2
10536,P3H3
3419,IDH3A
9961,MVP
10484,SEC23A
4728,NDUFS8
1513,CTSK
26275,HIBCH
6386,SDCBP
10015,PDCD6IP
79763,ISOC2
5455,POU3F3
6445,SGCG
1311,COMP
2744,GLS
10085,EDIL3
57333,RCN3
5333,PLCD1
10149,ADGRG2
4148,MATN3
27071,DAPP1
1800,DPEP1
23321,TRIM2
54829,ASPN
8735,MYH13
10170,DHRS9
54901,CDKAL1
4692,NDN
254251,LCORL
334,APLP2
4287,ATXN3
5015,OTX2
4359,MPZ
64393,ZMAT3
84867,PTPN5
2906,GRIN2D
8455,ATRN
51542,VPS54
23287,AGTPBP1
80025,PANK2
65020,ZFP110
175643,CED-4
176304,DAT-1
177044,SMF-3
171608,BLI-3
2896,GRN
3761,KCNJ4
7942,TFEB
57103,TIGAR
176281,GST-1
2914,GRM4
4909,NTF4
78405,NTF5
180783,APL-1
8878,SQSTM1
23645,PPP1R15A
55626,AMBRA1
2990,GUSB
6343,SCT
4053,LTBP2
3172,HNF4A
8624,PSMG1
1611,DAP
1811,SLC26A3
10109,ARPC2
23308,ICOSLG
23046,KIF21B
8924,HERC2
2768,GNA12
400935,IL17REL
1001,CDH3
1671,DEFA6
8477,GPR65
4724,NDUFS4
8553,BHLHE40
961,CD47
22941,SHANK2
22999,RIMS1
11215,AKAP11
84628,NTNG2
26011,TENM4
51650,MRPS33
51177,PLEKHO1
54877,ZCCHC2
6196,RPS6KA2
5454,POU3F2
7226,TRPM2
221981,THSD7A
9881,TRANK1
6789,STK4
157,GRK3
9640,ZNF592
57519,STARD9
81562,LMAN2L
56884,FSTL5
6671,SP4
6733,SRPK2
1004,CDH6
57560,IFT80
779,CACNA1S
1398,CRK
28984,RGCC
1153,CIRBP
203,AK1
4691,NCL
2634,GBP2
5213,PFKM
4734,NEDD4
1848,DUSP6
1329,COX5B
5693,PSMB5
5495,PPM1B
6533,SLC6A6
952,CD38
2710,GK
5534,PPP3R1
6139,RPL17
2029,ENSA
5786,PTPRA
8773,SNAP23
5471,PPAT
3098,HK1
60674,GAS5
6258,RXRG
7879,RAB7A
166,TLE5
10959,TMED2
91543,RSAD2
201475,RAB12
7386,UQCRFS1
6252,RTN1
83992,CTTNBP2
7091,TLE4
10965,ACOT2
3097,HIVEP2
10462,CLEC10A
5834,PYGB
4223,MEOX2
81876,RAB1B
15040,H2-T23
79924,ADM2
54498,SMOX
287,ANK2
10100,TSPAN2
23174,ZCCHC14
196743,PAOX
2295,FOXF2
6000,RGS7
7482,WNT2B
9734,HDAC9
23143,LRCH1
64838,FNDC4
83729,INHBE
79153,GDPD3
4047,LSS
5784,PTPN14
1382,CRABP2
26038,CHD5
10563,CXCL13
3965,LGALS9
4061,LY6E
100133941,CD24
5349,FXYD3
1616,DAXX
84133,ZNRF3
4221,MEN1
1209,CLPTM1
5909,RAP1GAP
11199,ANXA10
3651,PDX1
54465,ETAA1
285282,RABL3
100499467,LINC00673
6847,SYCP1
2543,GAGE1
100302235,MIR1179
8795,TNFRSF10B
11009,IL24
3442,IFNA5
